[      59ms] [LOG] [Fast Refresh] done in 9ms @ http://localhost:3000/_next/static/chunks/node_modules_next_dist_1e8vcs8._.js:776
[     157ms] [INFO] %cDownload the React DevTools for a better development experience: https://react.dev/link/react-devtools font-weight:bold @ http://localhost:3000/_next/static/chunks/node_modules_next_dist_1e8vcs8._.js:776
[     176ms] [LOG] [HMR] connected @ http://localhost:3000/_next/static/chunks/node_modules_next_dist_1e8vcs8._.js:776
[  990982ms] [LOG] [Fast Refresh] rebuilding @ http://localhost:3000/_next/static/chunks/node_modules_next_dist_1e8vcs8._.js:776
[  991051ms] [LOG] [Fast Refresh] done in 16ms @ http://localhost:3000/_next/static/chunks/node_modules_next_dist_1e8vcs8._.js:776
[  991190ms] [LOG] [Fast Refresh] done in 16ms @ http://localhost:3000/_next/static/chunks/node_modules_next_dist_1e8vcs8._.js:776
[  991252ms] [LOG] [Fast Refresh] done in 16ms @ http://localhost:3000/_next/static/chunks/node_modules_next_dist_1e8vcs8._.js:776
[  991313ms] [LOG] [Fast Refresh] done in 16ms @ http://localhost:3000/_next/static/chunks/node_modules_next_dist_1e8vcs8._.js:776
[  991375ms] [LOG] [Fast Refresh] done in 16ms @ http://localhost:3000/_next/static/chunks/node_modules_next_dist_1e8vcs8._.js:776
[  991437ms] [LOG] [Fast Refresh] done in 16ms @ http://localhost:3000/_next/static/chunks/node_modules_next_dist_1e8vcs8._.js:776
[  991500ms] [LOG] [Fast Refresh] done in 16ms @ http://localhost:3000/_next/static/chunks/node_modules_next_dist_1e8vcs8._.js:776
[  991563ms] [LOG] [Fast Refresh] done in 16ms @ http://localhost:3000/_next/static/chunks/node_modules_next_dist_1e8vcs8._.js:776
[  991625ms] [LOG] [Fast Refresh] done in 16ms @ http://localhost:3000/_next/static/chunks/node_modules_next_dist_1e8vcs8._.js:776
[  991686ms] [LOG] [Fast Refresh] done in 16ms @ http://localhost:3000/_next/static/chunks/node_modules_next_dist_1e8vcs8._.js:776
[  991749ms] [LOG] [Fast Refresh] done in 16ms @ http://localhost:3000/_next/static/chunks/node_modules_next_dist_1e8vcs8._.js:776
[  991812ms] [LOG] [Fast Refresh] done in 16ms @ http://localhost:3000/_next/static/chunks/node_modules_next_dist_1e8vcs8._.js:776
[  991877ms] [LOG] [Fast Refresh] done in 16ms @ http://localhost:3000/_next/static/chunks/node_modules_next_dist_1e8vcs8._.js:776
[  991937ms] [LOG] [Fast Refresh] done in 16ms @ http://localhost:3000/_next/static/chunks/node_modules_next_dist_1e8vcs8._.js:776
[  991998ms] [LOG] [Fast Refresh] done in 16ms @ http://localhost:3000/_next/static/chunks/node_modules_next_dist_1e8vcs8._.js:776
[  992060ms] [LOG] [Fast Refresh] done in 16ms @ http://localhost:3000/_next/static/chunks/node_modules_next_dist_1e8vcs8._.js:776
[  992122ms] [LOG] [Fast Refresh] done in 16ms @ http://localhost:3000/_next/static/chunks/node_modules_next_dist_1e8vcs8._.js:776
[  992184ms] [LOG] [Fast Refresh] done in 16ms @ http://localhost:3000/_next/static/chunks/node_modules_next_dist_1e8vcs8._.js:776
[  992246ms] [LOG] [Fast Refresh] done in 16ms @ http://localhost:3000/_next/static/chunks/node_modules_next_dist_1e8vcs8._.js:776
[  992308ms] [LOG] [Fast Refresh] done in 16ms @ http://localhost:3000/_next/static/chunks/node_modules_next_dist_1e8vcs8._.js:776
[  992372ms] [LOG] [Fast Refresh] done in 16ms @ http://localhost:3000/_next/static/chunks/node_modules_next_dist_1e8vcs8._.js:776
[  992433ms] [LOG] [Fast Refresh] done in 16ms @ http://localhost:3000/_next/static/chunks/node_modules_next_dist_1e8vcs8._.js:776
[  992495ms] [LOG] [Fast Refresh] done in 16ms @ http://localhost:3000/_next/static/chunks/node_modules_next_dist_1e8vcs8._.js:776
[  992557ms] [LOG] [Fast Refresh] done in 16ms @ http://localhost:3000/_next/static/chunks/node_modules_next_dist_1e8vcs8._.js:776
[  992619ms] [LOG] [Fast Refresh] done in 16ms @ http://localhost:3000/_next/static/chunks/node_modules_next_dist_1e8vcs8._.js:776
[  992681ms] [LOG] [Fast Refresh] done in 16ms @ http://localhost:3000/_next/static/chunks/node_modules_next_dist_1e8vcs8._.js:776
[  992743ms] [LOG] [Fast Refresh] done in 16ms @ http://localhost:3000/_next/static/chunks/node_modules_next_dist_1e8vcs8._.js:776
[  992805ms] [LOG] [Fast Refresh] done in 16ms @ http://localhost:3000/_next/static/chunks/node_modules_next_dist_1e8vcs8._.js:776
[  992867ms] [LOG] [Fast Refresh] done in 16ms @ http://localhost:3000/_next/static/chunks/node_modules_next_dist_1e8vcs8._.js:776
[  992930ms] [LOG] [Fast Refresh] done in 16ms @ http://localhost:3000/_next/static/chunks/node_modules_next_dist_1e8vcs8._.js:776
[  992991ms] [LOG] [Fast Refresh] done in 16ms @ http://localhost:3000/_next/static/chunks/node_modules_next_dist_1e8vcs8._.js:776
[  993054ms] [LOG] [Fast Refresh] done in 16ms @ http://localhost:3000/_next/static/chunks/node_modules_next_dist_1e8vcs8._.js:776
[  993116ms] [LOG] [Fast Refresh] done in 16ms @ http://localhost:3000/_next/static/chunks/node_modules_next_dist_1e8vcs8._.js:776
[  993178ms] [LOG] [Fast Refresh] done in 16ms @ http://localhost:3000/_next/static/chunks/node_modules_next_dist_1e8vcs8._.js:776
[  993240ms] [LOG] [Fast Refresh] done in 16ms @ http://localhost:3000/_next/static/chunks/node_modules_next_dist_1e8vcs8._.js:776
[  993303ms] [LOG] [Fast Refresh] done in 16ms @ http://localhost:3000/_next/static/chunks/node_modules_next_dist_1e8vcs8._.js:776
[  993364ms] [LOG] [Fast Refresh] done in 16ms @ http://localhost:3000/_next/static/chunks/node_modules_next_dist_1e8vcs8._.js:776
[  993428ms] [LOG] [Fast Refresh] done in 16ms @ http://localhost:3000/_next/static/chunks/node_modules_next_dist_1e8vcs8._.js:776
[  993490ms] [LOG] [Fast Refresh] done in 16ms @ http://localhost:3000/_next/static/chunks/node_modules_next_dist_1e8vcs8._.js:776
[  993553ms] [LOG] [Fast Refresh] done in 16ms @ http://localhost:3000/_next/static/chunks/node_modules_next_dist_1e8vcs8._.js:776
[  993615ms] [LOG] [Fast Refresh] done in 16ms @ http://localhost:3000/_next/static/chunks/node_modules_next_dist_1e8vcs8._.js:776
[  993678ms] [LOG] [Fast Refresh] done in 16ms @ http://localhost:3000/_next/static/chunks/node_modules_next_dist_1e8vcs8._.js:776
[  993740ms] [LOG] [Fast Refresh] done in 16ms @ http://localhost:3000/_next/static/chunks/node_modules_next_dist_1e8vcs8._.js:776
[  993802ms] [LOG] [Fast Refresh] done in 16ms @ http://localhost:3000/_next/static/chunks/node_modules_next_dist_1e8vcs8._.js:776
[  993866ms] [LOG] [Fast Refresh] done in 16ms @ http://localhost:3000/_next/static/chunks/node_modules_next_dist_1e8vcs8._.js:776
[  993930ms] [LOG] [Fast Refresh] done in 16ms @ http://localhost:3000/_next/static/chunks/node_modules_next_dist_1e8vcs8._.js:776
[  993991ms] [LOG] [Fast Refresh] done in 16ms @ http://localhost:3000/_next/static/chunks/node_modules_next_dist_1e8vcs8._.js:776
[  994054ms] [LOG] [Fast Refresh] done in 16ms @ http://localhost:3000/_next/static/chunks/node_modules_next_dist_1e8vcs8._.js:776
[  994117ms] [LOG] [Fast Refresh] done in 16ms @ http://localhost:3000/_next/static/chunks/node_modules_next_dist_1e8vcs8._.js:776
[  994180ms] [LOG] [Fast Refresh] done in 16ms @ http://localhost:3000/_next/static/chunks/node_modules_next_dist_1e8vcs8._.js:776
[  994243ms] [LOG] [Fast Refresh] done in 16ms @ http://localhost:3000/_next/static/chunks/node_modules_next_dist_1e8vcs8._.js:776
[  994307ms] [LOG] [Fast Refresh] done in 16ms @ http://localhost:3000/_next/static/chunks/node_modules_next_dist_1e8vcs8._.js:776
[  994371ms] [LOG] [Fast Refresh] done in 16ms @ http://localhost:3000/_next/static/chunks/node_modules_next_dist_1e8vcs8._.js:776
[  994439ms] [LOG] [Fast Refresh] done in 16ms @ http://localhost:3000/_next/static/chunks/node_modules_next_dist_1e8vcs8._.js:776
[  994498ms] [LOG] [Fast Refresh] done in 16ms @ http://localhost:3000/_next/static/chunks/node_modules_next_dist_1e8vcs8._.js:776
[  994562ms] [LOG] [Fast Refresh] done in 16ms @ http://localhost:3000/_next/static/chunks/node_modules_next_dist_1e8vcs8._.js:776
[  994625ms] [LOG] [Fast Refresh] done in 16ms @ http://localhost:3000/_next/static/chunks/node_modules_next_dist_1e8vcs8._.js:776
[  994688ms] [LOG] [Fast Refresh] done in 16ms @ http://localhost:3000/_next/static/chunks/node_modules_next_dist_1e8vcs8._.js:776
[  994750ms] [LOG] [Fast Refresh] done in 16ms @ http://localhost:3000/_next/static/chunks/node_modules_next_dist_1e8vcs8._.js:776
[  994813ms] [LOG] [Fast Refresh] done in 16ms @ http://localhost:3000/_next/static/chunks/node_modules_next_dist_1e8vcs8._.js:776
[  994875ms] [LOG] [Fast Refresh] done in 16ms @ http://localhost:3000/_next/static/chunks/node_modules_next_dist_1e8vcs8._.js:776
[  994938ms] [LOG] [Fast Refresh] done in 16ms @ http://localhost:3000/_next/static/chunks/node_modules_next_dist_1e8vcs8._.js:776
[  995000ms] [LOG] [Fast Refresh] done in 16ms @ http://localhost:3000/_next/static/chunks/node_modules_next_dist_1e8vcs8._.js:776
[  995063ms] [LOG] [Fast Refresh] done in 16ms @ http://localhost:3000/_next/static/chunks/node_modules_next_dist_1e8vcs8._.js:776
[  995124ms] [LOG] [Fast Refresh] done in 16ms @ http://localhost:3000/_next/static/chunks/node_modules_next_dist_1e8vcs8._.js:776
[  995186ms] [LOG] [Fast Refresh] done in 16ms @ http://localhost:3000/_next/static/chunks/node_modules_next_dist_1e8vcs8._.js:776
[  995249ms] [LOG] [Fast Refresh] done in 16ms @ http://localhost:3000/_next/static/chunks/node_modules_next_dist_1e8vcs8._.js:776
[  995312ms] [LOG] [Fast Refresh] done in 16ms @ http://localhost:3000/_next/static/chunks/node_modules_next_dist_1e8vcs8._.js:776
[  995375ms] [LOG] [Fast Refresh] done in 16ms @ http://localhost:3000/_next/static/chunks/node_modules_next_dist_1e8vcs8._.js:776
[  995436ms] [LOG] [Fast Refresh] done in 16ms @ http://localhost:3000/_next/static/chunks/node_modules_next_dist_1e8vcs8._.js:776
[  995499ms] [LOG] [Fast Refresh] done in 16ms @ http://localhost:3000/_next/static/chunks/node_modules_next_dist_1e8vcs8._.js:776
[  995560ms] [LOG] [Fast Refresh] done in 16ms @ http://localhost:3000/_next/static/chunks/node_modules_next_dist_1e8vcs8._.js:776
[  995621ms] [LOG] [Fast Refresh] done in 16ms @ http://localhost:3000/_next/static/chunks/node_modules_next_dist_1e8vcs8._.js:776
[  995683ms] [LOG] [Fast Refresh] done in 16ms @ http://localhost:3000/_next/static/chunks/node_modules_next_dist_1e8vcs8._.js:776
[  995745ms] [LOG] [Fast Refresh] done in 16ms @ http://localhost:3000/_next/static/chunks/node_modules_next_dist_1e8vcs8._.js:776
[  995809ms] [LOG] [Fast Refresh] done in 16ms @ http://localhost:3000/_next/static/chunks/node_modules_next_dist_1e8vcs8._.js:776
[  995870ms] [LOG] [Fast Refresh] done in 16ms @ http://localhost:3000/_next/static/chunks/node_modules_next_dist_1e8vcs8._.js:776
[  995931ms] [LOG] [Fast Refresh] done in 16ms @ http://localhost:3000/_next/static/chunks/node_modules_next_dist_1e8vcs8._.js:776
[  995994ms] [LOG] [Fast Refresh] done in 16ms @ http://localhost:3000/_next/static/chunks/node_modules_next_dist_1e8vcs8._.js:776
[  996057ms] [LOG] [Fast Refresh] done in 16ms @ http://localhost:3000/_next/static/chunks/node_modules_next_dist_1e8vcs8._.js:776
[  996127ms] [LOG] [Fast Refresh] done in 16ms @ http://localhost:3000/_next/static/chunks/node_modules_next_dist_1e8vcs8._.js:776
[  996184ms] [LOG] [Fast Refresh] done in 16ms @ http://localhost:3000/_next/static/chunks/node_modules_next_dist_1e8vcs8._.js:776
[  996246ms] [LOG] [Fast Refresh] done in 16ms @ http://localhost:3000/_next/static/chunks/node_modules_next_dist_1e8vcs8._.js:776
[  996307ms] [LOG] [Fast Refresh] done in 16ms @ http://localhost:3000/_next/static/chunks/node_modules_next_dist_1e8vcs8._.js:776
[  996370ms] [LOG] [Fast Refresh] done in 16ms @ http://localhost:3000/_next/static/chunks/node_modules_next_dist_1e8vcs8._.js:776
[  996431ms] [LOG] [Fast Refresh] done in 16ms @ http://localhost:3000/_next/static/chunks/node_modules_next_dist_1e8vcs8._.js:776
[  996494ms] [LOG] [Fast Refresh] done in 16ms @ http://localhost:3000/_next/static/chunks/node_modules_next_dist_1e8vcs8._.js:776
[  996557ms] [LOG] [Fast Refresh] done in 16ms @ http://localhost:3000/_next/static/chunks/node_modules_next_dist_1e8vcs8._.js:776
[  996620ms] [LOG] [Fast Refresh] done in 16ms @ http://localhost:3000/_next/static/chunks/node_modules_next_dist_1e8vcs8._.js:776
[  996682ms] [LOG] [Fast Refresh] done in 16ms @ http://localhost:3000/_next/static/chunks/node_modules_next_dist_1e8vcs8._.js:776
[  996743ms] [LOG] [Fast Refresh] done in 16ms @ http://localhost:3000/_next/static/chunks/node_modules_next_dist_1e8vcs8._.js:776
[  996807ms] [LOG] [Fast Refresh] done in 16ms @ http://localhost:3000/_next/static/chunks/node_modules_next_dist_1e8vcs8._.js:776
[  996867ms] [LOG] [Fast Refresh] done in 16ms @ http://localhost:3000/_next/static/chunks/node_modules_next_dist_1e8vcs8._.js:776
[  996931ms] [LOG] [Fast Refresh] done in 16ms @ http://localhost:3000/_next/static/chunks/node_modules_next_dist_1e8vcs8._.js:776
[  996994ms] [LOG] [Fast Refresh] done in 16ms @ http://localhost:3000/_next/static/chunks/node_modules_next_dist_1e8vcs8._.js:776
[  997058ms] [LOG] [Fast Refresh] done in 16ms @ http://localhost:3000/_next/static/chunks/node_modules_next_dist_1e8vcs8._.js:776
[  997120ms] [LOG] [Fast Refresh] done in 16ms @ http://localhost:3000/_next/static/chunks/node_modules_next_dist_1e8vcs8._.js:776
[  997182ms] [LOG] [Fast Refresh] done in 16ms @ http://localhost:3000/_next/static/chunks/node_modules_next_dist_1e8vcs8._.js:776
[  997246ms] [LOG] [Fast Refresh] done in 16ms @ http://localhost:3000/_next/static/chunks/node_modules_next_dist_1e8vcs8._.js:776
[  997308ms] [LOG] [Fast Refresh] done in 16ms @ http://localhost:3000/_next/static/chunks/node_modules_next_dist_1e8vcs8._.js:776
[  997371ms] [LOG] [Fast Refresh] done in 16ms @ http://localhost:3000/_next/static/chunks/node_modules_next_dist_1e8vcs8._.js:776
[  997433ms] [LOG] [Fast Refresh] done in 16ms @ http://localhost:3000/_next/static/chunks/node_modules_next_dist_1e8vcs8._.js:776
[  997495ms] [LOG] [Fast Refresh] done in 16ms @ http://localhost:3000/_next/static/chunks/node_modules_next_dist_1e8vcs8._.js:776
[  997557ms] [LOG] [Fast Refresh] done in 16ms @ http://localhost:3000/_next/static/chunks/node_modules_next_dist_1e8vcs8._.js:776
[  997618ms] [LOG] [Fast Refresh] done in 16ms @ http://localhost:3000/_next/static/chunks/node_modules_next_dist_1e8vcs8._.js:776
[  997680ms] [LOG] [Fast Refresh] done in 16ms @ http://localhost:3000/_next/static/chunks/node_modules_next_dist_1e8vcs8._.js:776
[  997740ms] [LOG] [Fast Refresh] done in 16ms @ http://localhost:3000/_next/static/chunks/node_modules_next_dist_1e8vcs8._.js:776
[  997801ms] [LOG] [Fast Refresh] done in 16ms @ http://localhost:3000/_next/static/chunks/node_modules_next_dist_1e8vcs8._.js:776
[  997866ms] [LOG] [Fast Refresh] done in 16ms @ http://localhost:3000/_next/static/chunks/node_modules_next_dist_1e8vcs8._.js:776
[  997928ms] [LOG] [Fast Refresh] done in 16ms @ http://localhost:3000/_next/static/chunks/node_modules_next_dist_1e8vcs8._.js:776
[  997992ms] [LOG] [Fast Refresh] done in 16ms @ http://localhost:3000/_next/static/chunks/node_modules_next_dist_1e8vcs8._.js:776
[  998053ms] [LOG] [Fast Refresh] done in 16ms @ http://localhost:3000/_next/static/chunks/node_modules_next_dist_1e8vcs8._.js:776
[  998115ms] [LOG] [Fast Refresh] done in 16ms @ http://localhost:3000/_next/static/chunks/node_modules_next_dist_1e8vcs8._.js:776
[  998178ms] [LOG] [Fast Refresh] done in 16ms @ http://localhost:3000/_next/static/chunks/node_modules_next_dist_1e8vcs8._.js:776
[  998242ms] [LOG] [Fast Refresh] done in 16ms @ http://localhost:3000/_next/static/chunks/node_modules_next_dist_1e8vcs8._.js:776
[  998305ms] [LOG] [Fast Refresh] done in 16ms @ http://localhost:3000/_next/static/chunks/node_modules_next_dist_1e8vcs8._.js:776
[  998368ms] [LOG] [Fast Refresh] done in 16ms @ http://localhost:3000/_next/static/chunks/node_modules_next_dist_1e8vcs8._.js:776
[  998431ms] [LOG] [Fast Refresh] done in 16ms @ http://localhost:3000/_next/static/chunks/node_modules_next_dist_1e8vcs8._.js:776
[  998494ms] [LOG] [Fast Refresh] done in 16ms @ http://localhost:3000/_next/static/chunks/node_modules_next_dist_1e8vcs8._.js:776
[  998556ms] [LOG] [Fast Refresh] done in 16ms @ http://localhost:3000/_next/static/chunks/node_modules_next_dist_1e8vcs8._.js:776
[  998618ms] [LOG] [Fast Refresh] done in 16ms @ http://localhost:3000/_next/static/chunks/node_modules_next_dist_1e8vcs8._.js:776
[  998681ms] [LOG] [Fast Refresh] done in 16ms @ http://localhost:3000/_next/static/chunks/node_modules_next_dist_1e8vcs8._.js:776
[  998744ms] [LOG] [Fast Refresh] done in 16ms @ http://localhost:3000/_next/static/chunks/node_modules_next_dist_1e8vcs8._.js:776
[  998807ms] [LOG] [Fast Refresh] done in 16ms @ http://localhost:3000/_next/static/chunks/node_modules_next_dist_1e8vcs8._.js:776
[  998868ms] [LOG] [Fast Refresh] done in 16ms @ http://localhost:3000/_next/static/chunks/node_modules_next_dist_1e8vcs8._.js:776
[  998930ms] [LOG] [Fast Refresh] done in 16ms @ http://localhost:3000/_next/static/chunks/node_modules_next_dist_1e8vcs8._.js:776
[  998992ms] [LOG] [Fast Refresh] done in 16ms @ http://localhost:3000/_next/static/chunks/node_modules_next_dist_1e8vcs8._.js:776
[  999054ms] [LOG] [Fast Refresh] done in 16ms @ http://localhost:3000/_next/static/chunks/node_modules_next_dist_1e8vcs8._.js:776
[  999118ms] [LOG] [Fast Refresh] done in 16ms @ http://localhost:3000/_next/static/chunks/node_modules_next_dist_1e8vcs8._.js:776
[  999180ms] [LOG] [Fast Refresh] done in 16ms @ http://localhost:3000/_next/static/chunks/node_modules_next_dist_1e8vcs8._.js:776
[  999242ms] [LOG] [Fast Refresh] done in 16ms @ http://localhost:3000/_next/static/chunks/node_modules_next_dist_1e8vcs8._.js:776
[  999304ms] [LOG] [Fast Refresh] done in 16ms @ http://localhost:3000/_next/static/chunks/node_modules_next_dist_1e8vcs8._.js:776
[  999368ms] [LOG] [Fast Refresh] done in 16ms @ http://localhost:3000/_next/static/chunks/node_modules_next_dist_1e8vcs8._.js:776
[  999430ms] [LOG] [Fast Refresh] done in 16ms @ http://localhost:3000/_next/static/chunks/node_modules_next_dist_1e8vcs8._.js:776
[  999494ms] [LOG] [Fast Refresh] done in 16ms @ http://localhost:3000/_next/static/chunks/node_modules_next_dist_1e8vcs8._.js:776
[  999557ms] [LOG] [Fast Refresh] done in 16ms @ http://localhost:3000/_next/static/chunks/node_modules_next_dist_1e8vcs8._.js:776
[  999620ms] [LOG] [Fast Refresh] done in 16ms @ http://localhost:3000/_next/static/chunks/node_modules_next_dist_1e8vcs8._.js:776
[  999682ms] [LOG] [Fast Refresh] done in 16ms @ http://localhost:3000/_next/static/chunks/node_modules_next_dist_1e8vcs8._.js:776
[  999743ms] [LOG] [Fast Refresh] done in 16ms @ http://localhost:3000/_next/static/chunks/node_modules_next_dist_1e8vcs8._.js:776
[  999805ms] [LOG] [Fast Refresh] done in 16ms @ http://localhost:3000/_next/static/chunks/node_modules_next_dist_1e8vcs8._.js:776
[  999867ms] [LOG] [Fast Refresh] done in 16ms @ http://localhost:3000/_next/static/chunks/node_modules_next_dist_1e8vcs8._.js:776
[  999930ms] [LOG] [Fast Refresh] done in 16ms @ http://localhost:3000/_next/static/chunks/node_modules_next_dist_1e8vcs8._.js:776
[  999993ms] [LOG] [Fast Refresh] done in 16ms @ http://localhost:3000/_next/static/chunks/node_modules_next_dist_1e8vcs8._.js:776
[ 1000056ms] [LOG] [Fast Refresh] done in 16ms @ http://localhost:3000/_next/static/chunks/node_modules_next_dist_1e8vcs8._.js:776
[ 1000119ms] [LOG] [Fast Refresh] done in 16ms @ http://localhost:3000/_next/static/chunks/node_modules_next_dist_1e8vcs8._.js:776
[ 1000180ms] [LOG] [Fast Refresh] done in 16ms @ http://localhost:3000/_next/static/chunks/node_modules_next_dist_1e8vcs8._.js:776
[ 1000243ms] [LOG] [Fast Refresh] done in 16ms @ http://localhost:3000/_next/static/chunks/node_modules_next_dist_1e8vcs8._.js:776
[ 1000305ms] [LOG] [Fast Refresh] done in 16ms @ http://localhost:3000/_next/static/chunks/node_modules_next_dist_1e8vcs8._.js:776
[ 1000368ms] [LOG] [Fast Refresh] done in 16ms @ http://localhost:3000/_next/static/chunks/node_modules_next_dist_1e8vcs8._.js:776
[ 1000432ms] [LOG] [Fast Refresh] done in 16ms @ http://localhost:3000/_next/static/chunks/node_modules_next_dist_1e8vcs8._.js:776
[ 1000493ms] [LOG] [Fast Refresh] done in 16ms @ http://localhost:3000/_next/static/chunks/node_modules_next_dist_1e8vcs8._.js:776
[ 1000555ms] [LOG] [Fast Refresh] done in 16ms @ http://localhost:3000/_next/static/chunks/node_modules_next_dist_1e8vcs8._.js:776
[ 1000618ms] [LOG] [Fast Refresh] done in 16ms @ http://localhost:3000/_next/static/chunks/node_modules_next_dist_1e8vcs8._.js:776
[ 1000681ms] [LOG] [Fast Refresh] done in 16ms @ http://localhost:3000/_next/static/chunks/node_modules_next_dist_1e8vcs8._.js:776
[ 1000743ms] [LOG] [Fast Refresh] done in 16ms @ http://localhost:3000/_next/static/chunks/node_modules_next_dist_1e8vcs8._.js:776
[ 1000805ms] [LOG] [Fast Refresh] done in 16ms @ http://localhost:3000/_next/static/chunks/node_modules_next_dist_1e8vcs8._.js:776
[ 1000867ms] [LOG] [Fast Refresh] done in 16ms @ http://localhost:3000/_next/static/chunks/node_modules_next_dist_1e8vcs8._.js:776
[ 1000929ms] [LOG] [Fast Refresh] done in 16ms @ http://localhost:3000/_next/static/chunks/node_modules_next_dist_1e8vcs8._.js:776
[ 1000992ms] [LOG] [Fast Refresh] done in 16ms @ http://localhost:3000/_next/static/chunks/node_modules_next_dist_1e8vcs8._.js:776
[ 1001055ms] [LOG] [Fast Refresh] done in 16ms @ http://localhost:3000/_next/static/chunks/node_modules_next_dist_1e8vcs8._.js:776
[ 1001119ms] [LOG] [Fast Refresh] done in 16ms @ http://localhost:3000/_next/static/chunks/node_modules_next_dist_1e8vcs8._.js:776
[ 1001181ms] [LOG] [Fast Refresh] done in 16ms @ http://localhost:3000/_next/static/chunks/node_modules_next_dist_1e8vcs8._.js:776
[ 1001244ms] [LOG] [Fast Refresh] done in 16ms @ http://localhost:3000/_next/static/chunks/node_modules_next_dist_1e8vcs8._.js:776
[ 1001306ms] [LOG] [Fast Refresh] done in 16ms @ http://localhost:3000/_next/static/chunks/node_modules_next_dist_1e8vcs8._.js:776
[ 1001369ms] [LOG] [Fast Refresh] done in 16ms @ http://localhost:3000/_next/static/chunks/node_modules_next_dist_1e8vcs8._.js:776
[ 1001433ms] [LOG] [Fast Refresh] done in 16ms @ http://localhost:3000/_next/static/chunks/node_modules_next_dist_1e8vcs8._.js:776
[ 1001495ms] [LOG] [Fast Refresh] done in 16ms @ http://localhost:3000/_next/static/chunks/node_modules_next_dist_1e8vcs8._.js:776
[ 1001557ms] [LOG] [Fast Refresh] done in 16ms @ http://localhost:3000/_next/static/chunks/node_modules_next_dist_1e8vcs8._.js:776
[ 1001619ms] [LOG] [Fast Refresh] done in 16ms @ http://localhost:3000/_next/static/chunks/node_modules_next_dist_1e8vcs8._.js:776
[ 1001680ms] [LOG] [Fast Refresh] done in 16ms @ http://localhost:3000/_next/static/chunks/node_modules_next_dist_1e8vcs8._.js:776
[ 1001742ms] [LOG] [Fast Refresh] done in 16ms @ http://localhost:3000/_next/static/chunks/node_modules_next_dist_1e8vcs8._.js:776
[ 1001804ms] [LOG] [Fast Refresh] done in 16ms @ http://localhost:3000/_next/static/chunks/node_modules_next_dist_1e8vcs8._.js:776
[ 1001867ms] [LOG] [Fast Refresh] done in 16ms @ http://localhost:3000/_next/static/chunks/node_modules_next_dist_1e8vcs8._.js:776
[ 1001930ms] [LOG] [Fast Refresh] done in 16ms @ http://localhost:3000/_next/static/chunks/node_modules_next_dist_1e8vcs8._.js:776
[ 1001993ms] [LOG] [Fast Refresh] done in 16ms @ http://localhost:3000/_next/static/chunks/node_modules_next_dist_1e8vcs8._.js:776
[ 1002054ms] [LOG] [Fast Refresh] done in 16ms @ http://localhost:3000/_next/static/chunks/node_modules_next_dist_1e8vcs8._.js:776
[ 1002116ms] [LOG] [Fast Refresh] done in 16ms @ http://localhost:3000/_next/static/chunks/node_modules_next_dist_1e8vcs8._.js:776
[ 1002177ms] [LOG] [Fast Refresh] done in 16ms @ http://localhost:3000/_next/static/chunks/node_modules_next_dist_1e8vcs8._.js:776
[ 1002240ms] [LOG] [Fast Refresh] done in 16ms @ http://localhost:3000/_next/static/chunks/node_modules_next_dist_1e8vcs8._.js:776
[ 1002304ms] [LOG] [Fast Refresh] done in 16ms @ http://localhost:3000/_next/static/chunks/node_modules_next_dist_1e8vcs8._.js:776
[ 1002365ms] [LOG] [Fast Refresh] done in 16ms @ http://localhost:3000/_next/static/chunks/node_modules_next_dist_1e8vcs8._.js:776
[ 1002428ms] [LOG] [Fast Refresh] done in 16ms @ http://localhost:3000/_next/static/chunks/node_modules_next_dist_1e8vcs8._.js:776
[ 1002491ms] [LOG] [Fast Refresh] done in 16ms @ http://localhost:3000/_next/static/chunks/node_modules_next_dist_1e8vcs8._.js:776
[ 1002554ms] [LOG] [Fast Refresh] done in 16ms @ http://localhost:3000/_next/static/chunks/node_modules_next_dist_1e8vcs8._.js:776
[ 1002616ms] [LOG] [Fast Refresh] done in 16ms @ http://localhost:3000/_next/static/chunks/node_modules_next_dist_1e8vcs8._.js:776
[ 1002677ms] [LOG] [Fast Refresh] done in 16ms @ http://localhost:3000/_next/static/chunks/node_modules_next_dist_1e8vcs8._.js:776
[ 1002740ms] [LOG] [Fast Refresh] done in 16ms @ http://localhost:3000/_next/static/chunks/node_modules_next_dist_1e8vcs8._.js:776
[ 1002803ms] [LOG] [Fast Refresh] done in 16ms @ http://localhost:3000/_next/static/chunks/node_modules_next_dist_1e8vcs8._.js:776
[ 1002866ms] [LOG] [Fast Refresh] done in 16ms @ http://localhost:3000/_next/static/chunks/node_modules_next_dist_1e8vcs8._.js:776
[ 1002929ms] [LOG] [Fast Refresh] done in 16ms @ http://localhost:3000/_next/static/chunks/node_modules_next_dist_1e8vcs8._.js:776
[ 1002991ms] [LOG] [Fast Refresh] done in 16ms @ http://localhost:3000/_next/static/chunks/node_modules_next_dist_1e8vcs8._.js:776
[ 1003054ms] [LOG] [Fast Refresh] done in 16ms @ http://localhost:3000/_next/static/chunks/node_modules_next_dist_1e8vcs8._.js:776
[ 1003116ms] [LOG] [Fast Refresh] done in 16ms @ http://localhost:3000/_next/static/chunks/node_modules_next_dist_1e8vcs8._.js:776
[ 1003179ms] [LOG] [Fast Refresh] done in 16ms @ http://localhost:3000/_next/static/chunks/node_modules_next_dist_1e8vcs8._.js:776
[ 1003242ms] [LOG] [Fast Refresh] done in 16ms @ http://localhost:3000/_next/static/chunks/node_modules_next_dist_1e8vcs8._.js:776
[ 1003304ms] [LOG] [Fast Refresh] done in 16ms @ http://localhost:3000/_next/static/chunks/node_modules_next_dist_1e8vcs8._.js:776
[ 1003368ms] [LOG] [Fast Refresh] done in 16ms @ http://localhost:3000/_next/static/chunks/node_modules_next_dist_1e8vcs8._.js:776
[ 1003431ms] [LOG] [Fast Refresh] done in 16ms @ http://localhost:3000/_next/static/chunks/node_modules_next_dist_1e8vcs8._.js:776
[ 1003493ms] [LOG] [Fast Refresh] done in 16ms @ http://localhost:3000/_next/static/chunks/node_modules_next_dist_1e8vcs8._.js:776
[ 1003556ms] [LOG] [Fast Refresh] done in 16ms @ http://localhost:3000/_next/static/chunks/node_modules_next_dist_1e8vcs8._.js:776
[ 1003618ms] [LOG] [Fast Refresh] done in 16ms @ http://localhost:3000/_next/static/chunks/node_modules_next_dist_1e8vcs8._.js:776
[ 1003679ms] [LOG] [Fast Refresh] done in 16ms @ http://localhost:3000/_next/static/chunks/node_modules_next_dist_1e8vcs8._.js:776
[ 1003742ms] [LOG] [Fast Refresh] done in 16ms @ http://localhost:3000/_next/static/chunks/node_modules_next_dist_1e8vcs8._.js:776
[ 1003804ms] [LOG] [Fast Refresh] done in 16ms @ http://localhost:3000/_next/static/chunks/node_modules_next_dist_1e8vcs8._.js:776
[ 1003885ms] [LOG] [Fast Refresh] done in 16ms @ http://localhost:3000/_next/static/chunks/node_modules_next_dist_1e8vcs8._.js:776
[ 1003943ms] [LOG] [Fast Refresh] done in 16ms @ http://localhost:3000/_next/static/chunks/node_modules_next_dist_1e8vcs8._.js:776
[ 1004006ms] [LOG] [Fast Refresh] done in 16ms @ http://localhost:3000/_next/static/chunks/node_modules_next_dist_1e8vcs8._.js:776
[ 1004069ms] [LOG] [Fast Refresh] done in 16ms @ http://localhost:3000/_next/static/chunks/node_modules_next_dist_1e8vcs8._.js:776
[ 1004130ms] [LOG] [Fast Refresh] done in 16ms @ http://localhost:3000/_next/static/chunks/node_modules_next_dist_1e8vcs8._.js:776
[ 1004192ms] [LOG] [Fast Refresh] done in 16ms @ http://localhost:3000/_next/static/chunks/node_modules_next_dist_1e8vcs8._.js:776
[ 1004255ms] [LOG] [Fast Refresh] done in 16ms @ http://localhost:3000/_next/static/chunks/node_modules_next_dist_1e8vcs8._.js:776
[ 1004318ms] [LOG] [Fast Refresh] done in 16ms @ http://localhost:3000/_next/static/chunks/node_modules_next_dist_1e8vcs8._.js:776
[ 1004378ms] [LOG] [Fast Refresh] done in 16ms @ http://localhost:3000/_next/static/chunks/node_modules_next_dist_1e8vcs8._.js:776
[ 1004441ms] [LOG] [Fast Refresh] done in 16ms @ http://localhost:3000/_next/static/chunks/node_modules_next_dist_1e8vcs8._.js:776
[ 1004503ms] [LOG] [Fast Refresh] done in 16ms @ http://localhost:3000/_next/static/chunks/node_modules_next_dist_1e8vcs8._.js:776
[ 1004565ms] [LOG] [Fast Refresh] done in 16ms @ http://localhost:3000/_next/static/chunks/node_modules_next_dist_1e8vcs8._.js:776
[ 1004627ms] [LOG] [Fast Refresh] done in 16ms @ http://localhost:3000/_next/static/chunks/node_modules_next_dist_1e8vcs8._.js:776
[ 1004690ms] [LOG] [Fast Refresh] done in 16ms @ http://localhost:3000/_next/static/chunks/node_modules_next_dist_1e8vcs8._.js:776
[ 1004754ms] [LOG] [Fast Refresh] done in 16ms @ http://localhost:3000/_next/static/chunks/node_modules_next_dist_1e8vcs8._.js:776
[ 1004816ms] [LOG] [Fast Refresh] done in 16ms @ http://localhost:3000/_next/static/chunks/node_modules_next_dist_1e8vcs8._.js:776
[ 1004879ms] [LOG] [Fast Refresh] done in 16ms @ http://localhost:3000/_next/static/chunks/node_modules_next_dist_1e8vcs8._.js:776
[ 1004943ms] [LOG] [Fast Refresh] done in 16ms @ http://localhost:3000/_next/static/chunks/node_modules_next_dist_1e8vcs8._.js:776
[ 1005005ms] [LOG] [Fast Refresh] done in 16ms @ http://localhost:3000/_next/static/chunks/node_modules_next_dist_1e8vcs8._.js:776
[ 1005069ms] [LOG] [Fast Refresh] done in 16ms @ http://localhost:3000/_next/static/chunks/node_modules_next_dist_1e8vcs8._.js:776
[ 1005132ms] [LOG] [Fast Refresh] done in 16ms @ http://localhost:3000/_next/static/chunks/node_modules_next_dist_1e8vcs8._.js:776
[ 1005194ms] [LOG] [Fast Refresh] done in 16ms @ http://localhost:3000/_next/static/chunks/node_modules_next_dist_1e8vcs8._.js:776
[ 1005257ms] [LOG] [Fast Refresh] done in 16ms @ http://localhost:3000/_next/static/chunks/node_modules_next_dist_1e8vcs8._.js:776
[ 1005320ms] [LOG] [Fast Refresh] done in 16ms @ http://localhost:3000/_next/static/chunks/node_modules_next_dist_1e8vcs8._.js:776
[ 1005384ms] [LOG] [Fast Refresh] done in 16ms @ http://localhost:3000/_next/static/chunks/node_modules_next_dist_1e8vcs8._.js:776
[ 1005446ms] [LOG] [Fast Refresh] done in 16ms @ http://localhost:3000/_next/static/chunks/node_modules_next_dist_1e8vcs8._.js:776
[ 1005508ms] [LOG] [Fast Refresh] done in 16ms @ http://localhost:3000/_next/static/chunks/node_modules_next_dist_1e8vcs8._.js:776
[ 1005571ms] [LOG] [Fast Refresh] done in 16ms @ http://localhost:3000/_next/static/chunks/node_modules_next_dist_1e8vcs8._.js:776
[ 1005634ms] [LOG] [Fast Refresh] done in 16ms @ http://localhost:3000/_next/static/chunks/node_modules_next_dist_1e8vcs8._.js:776
[ 1005695ms] [LOG] [Fast Refresh] done in 16ms @ http://localhost:3000/_next/static/chunks/node_modules_next_dist_1e8vcs8._.js:776
[ 1005757ms] [LOG] [Fast Refresh] done in 16ms @ http://localhost:3000/_next/static/chunks/node_modules_next_dist_1e8vcs8._.js:776
[ 1005821ms] [LOG] [Fast Refresh] done in 16ms @ http://localhost:3000/_next/static/chunks/node_modules_next_dist_1e8vcs8._.js:776
[ 1005882ms] [LOG] [Fast Refresh] done in 16ms @ http://localhost:3000/_next/static/chunks/node_modules_next_dist_1e8vcs8._.js:776
[ 1005944ms] [LOG] [Fast Refresh] done in 16ms @ http://localhost:3000/_next/static/chunks/node_modules_next_dist_1e8vcs8._.js:776
[ 1006006ms] [LOG] [Fast Refresh] done in 16ms @ http://localhost:3000/_next/static/chunks/node_modules_next_dist_1e8vcs8._.js:776
[ 1006069ms] [LOG] [Fast Refresh] done in 16ms @ http://localhost:3000/_next/static/chunks/node_modules_next_dist_1e8vcs8._.js:776
[ 1006132ms] [LOG] [Fast Refresh] done in 16ms @ http://localhost:3000/_next/static/chunks/node_modules_next_dist_1e8vcs8._.js:776
[ 1006196ms] [LOG] [Fast Refresh] done in 16ms @ http://localhost:3000/_next/static/chunks/node_modules_next_dist_1e8vcs8._.js:776
[ 1006256ms] [LOG] [Fast Refresh] done in 16ms @ http://localhost:3000/_next/static/chunks/node_modules_next_dist_1e8vcs8._.js:776
[ 1006318ms] [LOG] [Fast Refresh] done in 16ms @ http://localhost:3000/_next/static/chunks/node_modules_next_dist_1e8vcs8._.js:776
[ 1006381ms] [LOG] [Fast Refresh] done in 16ms @ http://localhost:3000/_next/static/chunks/node_modules_next_dist_1e8vcs8._.js:776
[ 1006443ms] [LOG] [Fast Refresh] done in 16ms @ http://localhost:3000/_next/static/chunks/node_modules_next_dist_1e8vcs8._.js:776
[ 1006505ms] [LOG] [Fast Refresh] done in 16ms @ http://localhost:3000/_next/static/chunks/node_modules_next_dist_1e8vcs8._.js:776
[ 1006567ms] [LOG] [Fast Refresh] done in 16ms @ http://localhost:3000/_next/static/chunks/node_modules_next_dist_1e8vcs8._.js:776
[ 1006630ms] [LOG] [Fast Refresh] done in 16ms @ http://localhost:3000/_next/static/chunks/node_modules_next_dist_1e8vcs8._.js:776
[ 1006692ms] [LOG] [Fast Refresh] done in 16ms @ http://localhost:3000/_next/static/chunks/node_modules_next_dist_1e8vcs8._.js:776
[ 1006754ms] [LOG] [Fast Refresh] done in 16ms @ http://localhost:3000/_next/static/chunks/node_modules_next_dist_1e8vcs8._.js:776
[ 1006816ms] [LOG] [Fast Refresh] done in 16ms @ http://localhost:3000/_next/static/chunks/node_modules_next_dist_1e8vcs8._.js:776
[ 1006878ms] [LOG] [Fast Refresh] done in 16ms @ http://localhost:3000/_next/static/chunks/node_modules_next_dist_1e8vcs8._.js:776
[ 1006939ms] [LOG] [Fast Refresh] done in 16ms @ http://localhost:3000/_next/static/chunks/node_modules_next_dist_1e8vcs8._.js:776
[ 1007000ms] [LOG] [Fast Refresh] done in 16ms @ http://localhost:3000/_next/static/chunks/node_modules_next_dist_1e8vcs8._.js:776
[ 1007063ms] [LOG] [Fast Refresh] done in 16ms @ http://localhost:3000/_next/static/chunks/node_modules_next_dist_1e8vcs8._.js:776
[ 1007126ms] [LOG] [Fast Refresh] done in 16ms @ http://localhost:3000/_next/static/chunks/node_modules_next_dist_1e8vcs8._.js:776
[ 1007189ms] [LOG] [Fast Refresh] done in 16ms @ http://localhost:3000/_next/static/chunks/node_modules_next_dist_1e8vcs8._.js:776
[ 1007248ms] [LOG] [Fast Refresh] done in 16ms @ http://localhost:3000/_next/static/chunks/node_modules_next_dist_1e8vcs8._.js:776
[ 1007311ms] [LOG] [Fast Refresh] done in 16ms @ http://localhost:3000/_next/static/chunks/node_modules_next_dist_1e8vcs8._.js:776
[ 1007374ms] [LOG] [Fast Refresh] done in 16ms @ http://localhost:3000/_next/static/chunks/node_modules_next_dist_1e8vcs8._.js:776
[ 1007438ms] [LOG] [Fast Refresh] done in 16ms @ http://localhost:3000/_next/static/chunks/node_modules_next_dist_1e8vcs8._.js:776
[ 1007500ms] [LOG] [Fast Refresh] done in 16ms @ http://localhost:3000/_next/static/chunks/node_modules_next_dist_1e8vcs8._.js:776
[ 1007563ms] [LOG] [Fast Refresh] done in 16ms @ http://localhost:3000/_next/static/chunks/node_modules_next_dist_1e8vcs8._.js:776
[ 1007625ms] [LOG] [Fast Refresh] done in 16ms @ http://localhost:3000/_next/static/chunks/node_modules_next_dist_1e8vcs8._.js:776
[ 1007688ms] [LOG] [Fast Refresh] done in 16ms @ http://localhost:3000/_next/static/chunks/node_modules_next_dist_1e8vcs8._.js:776
[ 1007749ms] [LOG] [Fast Refresh] done in 16ms @ http://localhost:3000/_next/static/chunks/node_modules_next_dist_1e8vcs8._.js:776
[ 1007811ms] [LOG] [Fast Refresh] done in 16ms @ http://localhost:3000/_next/static/chunks/node_modules_next_dist_1e8vcs8._.js:776
[ 1007875ms] [LOG] [Fast Refresh] done in 16ms @ http://localhost:3000/_next/static/chunks/node_modules_next_dist_1e8vcs8._.js:776
[ 1007937ms] [LOG] [Fast Refresh] done in 16ms @ http://localhost:3000/_next/static/chunks/node_modules_next_dist_1e8vcs8._.js:776
[ 1008001ms] [LOG] [Fast Refresh] done in 16ms @ http://localhost:3000/_next/static/chunks/node_modules_next_dist_1e8vcs8._.js:776
[ 1008064ms] [LOG] [Fast Refresh] done in 16ms @ http://localhost:3000/_next/static/chunks/node_modules_next_dist_1e8vcs8._.js:776
[ 1008127ms] [LOG] [Fast Refresh] done in 16ms @ http://localhost:3000/_next/static/chunks/node_modules_next_dist_1e8vcs8._.js:776
[ 1008189ms] [LOG] [Fast Refresh] done in 16ms @ http://localhost:3000/_next/static/chunks/node_modules_next_dist_1e8vcs8._.js:776
[ 1008252ms] [LOG] [Fast Refresh] done in 16ms @ http://localhost:3000/_next/static/chunks/node_modules_next_dist_1e8vcs8._.js:776
[ 1008315ms] [LOG] [Fast Refresh] done in 16ms @ http://localhost:3000/_next/static/chunks/node_modules_next_dist_1e8vcs8._.js:776
[ 1008379ms] [LOG] [Fast Refresh] done in 16ms @ http://localhost:3000/_next/static/chunks/node_modules_next_dist_1e8vcs8._.js:776
[ 1008440ms] [LOG] [Fast Refresh] done in 16ms @ http://localhost:3000/_next/static/chunks/node_modules_next_dist_1e8vcs8._.js:776
[ 1008502ms] [LOG] [Fast Refresh] done in 16ms @ http://localhost:3000/_next/static/chunks/node_modules_next_dist_1e8vcs8._.js:776
[ 1008564ms] [LOG] [Fast Refresh] done in 16ms @ http://localhost:3000/_next/static/chunks/node_modules_next_dist_1e8vcs8._.js:776
[ 1008627ms] [LOG] [Fast Refresh] done in 16ms @ http://localhost:3000/_next/static/chunks/node_modules_next_dist_1e8vcs8._.js:776
[ 1008690ms] [LOG] [Fast Refresh] done in 16ms @ http://localhost:3000/_next/static/chunks/node_modules_next_dist_1e8vcs8._.js:776
[ 1008753ms] [LOG] [Fast Refresh] done in 16ms @ http://localhost:3000/_next/static/chunks/node_modules_next_dist_1e8vcs8._.js:776
[ 1008815ms] [LOG] [Fast Refresh] done in 16ms @ http://localhost:3000/_next/static/chunks/node_modules_next_dist_1e8vcs8._.js:776
[ 1008878ms] [LOG] [Fast Refresh] done in 16ms @ http://localhost:3000/_next/static/chunks/node_modules_next_dist_1e8vcs8._.js:776
[ 1008940ms] [LOG] [Fast Refresh] done in 16ms @ http://localhost:3000/_next/static/chunks/node_modules_next_dist_1e8vcs8._.js:776
[ 1009003ms] [LOG] [Fast Refresh] done in 16ms @ http://localhost:3000/_next/static/chunks/node_modules_next_dist_1e8vcs8._.js:776
[ 1009065ms] [LOG] [Fast Refresh] done in 16ms @ http://localhost:3000/_next/static/chunks/node_modules_next_dist_1e8vcs8._.js:776
[ 1009126ms] [LOG] [Fast Refresh] done in 16ms @ http://localhost:3000/_next/static/chunks/node_modules_next_dist_1e8vcs8._.js:776
[ 1009189ms] [LOG] [Fast Refresh] done in 16ms @ http://localhost:3000/_next/static/chunks/node_modules_next_dist_1e8vcs8._.js:776
[ 1009252ms] [LOG] [Fast Refresh] done in 16ms @ http://localhost:3000/_next/static/chunks/node_modules_next_dist_1e8vcs8._.js:776
[ 1009314ms] [LOG] [Fast Refresh] done in 16ms @ http://localhost:3000/_next/static/chunks/node_modules_next_dist_1e8vcs8._.js:776
[ 1009377ms] [LOG] [Fast Refresh] done in 16ms @ http://localhost:3000/_next/static/chunks/node_modules_next_dist_1e8vcs8._.js:776
[ 1009439ms] [LOG] [Fast Refresh] done in 16ms @ http://localhost:3000/_next/static/chunks/node_modules_next_dist_1e8vcs8._.js:776
[ 1009502ms] [LOG] [Fast Refresh] done in 16ms @ http://localhost:3000/_next/static/chunks/node_modules_next_dist_1e8vcs8._.js:776
[ 1009564ms] [LOG] [Fast Refresh] done in 16ms @ http://localhost:3000/_next/static/chunks/node_modules_next_dist_1e8vcs8._.js:776
[ 1009625ms] [LOG] [Fast Refresh] done in 16ms @ http://localhost:3000/_next/static/chunks/node_modules_next_dist_1e8vcs8._.js:776
[ 1009687ms] [LOG] [Fast Refresh] done in 16ms @ http://localhost:3000/_next/static/chunks/node_modules_next_dist_1e8vcs8._.js:776
[ 1009750ms] [LOG] [Fast Refresh] done in 16ms @ http://localhost:3000/_next/static/chunks/node_modules_next_dist_1e8vcs8._.js:776
[ 1009812ms] [LOG] [Fast Refresh] done in 16ms @ http://localhost:3000/_next/static/chunks/node_modules_next_dist_1e8vcs8._.js:776
[ 1009876ms] [LOG] [Fast Refresh] done in 16ms @ http://localhost:3000/_next/static/chunks/node_modules_next_dist_1e8vcs8._.js:776
[ 1009940ms] [LOG] [Fast Refresh] done in 16ms @ http://localhost:3000/_next/static/chunks/node_modules_next_dist_1e8vcs8._.js:776
[ 1010003ms] [LOG] [Fast Refresh] done in 16ms @ http://localhost:3000/_next/static/chunks/node_modules_next_dist_1e8vcs8._.js:776
[ 1010065ms] [LOG] [Fast Refresh] done in 16ms @ http://localhost:3000/_next/static/chunks/node_modules_next_dist_1e8vcs8._.js:776
[ 1010127ms] [LOG] [Fast Refresh] done in 16ms @ http://localhost:3000/_next/static/chunks/node_modules_next_dist_1e8vcs8._.js:776
[ 1010188ms] [LOG] [Fast Refresh] done in 16ms @ http://localhost:3000/_next/static/chunks/node_modules_next_dist_1e8vcs8._.js:776
[ 1010250ms] [LOG] [Fast Refresh] done in 16ms @ http://localhost:3000/_next/static/chunks/node_modules_next_dist_1e8vcs8._.js:776
[ 1010313ms] [LOG] [Fast Refresh] done in 16ms @ http://localhost:3000/_next/static/chunks/node_modules_next_dist_1e8vcs8._.js:776
[ 1010374ms] [LOG] [Fast Refresh] done in 16ms @ http://localhost:3000/_next/static/chunks/node_modules_next_dist_1e8vcs8._.js:776
[ 1010439ms] [LOG] [Fast Refresh] done in 16ms @ http://localhost:3000/_next/static/chunks/node_modules_next_dist_1e8vcs8._.js:776
[ 1010501ms] [LOG] [Fast Refresh] done in 16ms @ http://localhost:3000/_next/static/chunks/node_modules_next_dist_1e8vcs8._.js:776
[ 1010565ms] [LOG] [Fast Refresh] done in 16ms @ http://localhost:3000/_next/static/chunks/node_modules_next_dist_1e8vcs8._.js:776
[ 1010628ms] [LOG] [Fast Refresh] done in 16ms @ http://localhost:3000/_next/static/chunks/node_modules_next_dist_1e8vcs8._.js:776
[ 1010689ms] [LOG] [Fast Refresh] done in 16ms @ http://localhost:3000/_next/static/chunks/node_modules_next_dist_1e8vcs8._.js:776
[ 1010752ms] [LOG] [Fast Refresh] done in 16ms @ http://localhost:3000/_next/static/chunks/node_modules_next_dist_1e8vcs8._.js:776
[ 1010816ms] [LOG] [Fast Refresh] done in 16ms @ http://localhost:3000/_next/static/chunks/node_modules_next_dist_1e8vcs8._.js:776
[ 1010879ms] [LOG] [Fast Refresh] done in 16ms @ http://localhost:3000/_next/static/chunks/node_modules_next_dist_1e8vcs8._.js:776
[ 1010945ms] [LOG] [Fast Refresh] done in 16ms @ http://localhost:3000/_next/static/chunks/node_modules_next_dist_1e8vcs8._.js:776
[ 1011006ms] [LOG] [Fast Refresh] done in 16ms @ http://localhost:3000/_next/static/chunks/node_modules_next_dist_1e8vcs8._.js:776
[ 1011068ms] [LOG] [Fast Refresh] done in 16ms @ http://localhost:3000/_next/static/chunks/node_modules_next_dist_1e8vcs8._.js:776
[ 1011129ms] [LOG] [Fast Refresh] done in 16ms @ http://localhost:3000/_next/static/chunks/node_modules_next_dist_1e8vcs8._.js:776
[ 1011191ms] [LOG] [Fast Refresh] done in 16ms @ http://localhost:3000/_next/static/chunks/node_modules_next_dist_1e8vcs8._.js:776
[ 1011254ms] [LOG] [Fast Refresh] done in 16ms @ http://localhost:3000/_next/static/chunks/node_modules_next_dist_1e8vcs8._.js:776
[ 1011317ms] [LOG] [Fast Refresh] done in 16ms @ http://localhost:3000/_next/static/chunks/node_modules_next_dist_1e8vcs8._.js:776
[ 1011381ms] [LOG] [Fast Refresh] done in 16ms @ http://localhost:3000/_next/static/chunks/node_modules_next_dist_1e8vcs8._.js:776
[ 1011443ms] [LOG] [Fast Refresh] done in 16ms @ http://localhost:3000/_next/static/chunks/node_modules_next_dist_1e8vcs8._.js:776
[ 1011508ms] [LOG] [Fast Refresh] done in 16ms @ http://localhost:3000/_next/static/chunks/node_modules_next_dist_1e8vcs8._.js:776
[ 1011567ms] [LOG] [Fast Refresh] done in 16ms @ http://localhost:3000/_next/static/chunks/node_modules_next_dist_1e8vcs8._.js:776
[ 1011629ms] [LOG] [Fast Refresh] done in 16ms @ http://localhost:3000/_next/static/chunks/node_modules_next_dist_1e8vcs8._.js:776
[ 1011692ms] [LOG] [Fast Refresh] done in 16ms @ http://localhost:3000/_next/static/chunks/node_modules_next_dist_1e8vcs8._.js:776
[ 1011754ms] [LOG] [Fast Refresh] done in 16ms @ http://localhost:3000/_next/static/chunks/node_modules_next_dist_1e8vcs8._.js:776
[ 1011817ms] [LOG] [Fast Refresh] done in 16ms @ http://localhost:3000/_next/static/chunks/node_modules_next_dist_1e8vcs8._.js:776
[ 1011878ms] [LOG] [Fast Refresh] done in 16ms @ http://localhost:3000/_next/static/chunks/node_modules_next_dist_1e8vcs8._.js:776
[ 1011941ms] [LOG] [Fast Refresh] done in 16ms @ http://localhost:3000/_next/static/chunks/node_modules_next_dist_1e8vcs8._.js:776
[ 1012002ms] [LOG] [Fast Refresh] done in 16ms @ http://localhost:3000/_next/static/chunks/node_modules_next_dist_1e8vcs8._.js:776
[ 1012064ms] [LOG] [Fast Refresh] done in 16ms @ http://localhost:3000/_next/static/chunks/node_modules_next_dist_1e8vcs8._.js:776
[ 1012126ms] [LOG] [Fast Refresh] done in 16ms @ http://localhost:3000/_next/static/chunks/node_modules_next_dist_1e8vcs8._.js:776
[ 1012188ms] [LOG] [Fast Refresh] done in 16ms @ http://localhost:3000/_next/static/chunks/node_modules_next_dist_1e8vcs8._.js:776
[ 1012251ms] [LOG] [Fast Refresh] done in 16ms @ http://localhost:3000/_next/static/chunks/node_modules_next_dist_1e8vcs8._.js:776
[ 1012313ms] [LOG] [Fast Refresh] done in 16ms @ http://localhost:3000/_next/static/chunks/node_modules_next_dist_1e8vcs8._.js:776
[ 1012378ms] [LOG] [Fast Refresh] done in 16ms @ http://localhost:3000/_next/static/chunks/node_modules_next_dist_1e8vcs8._.js:776
[ 1012441ms] [LOG] [Fast Refresh] done in 16ms @ http://localhost:3000/_next/static/chunks/node_modules_next_dist_1e8vcs8._.js:776
[ 1012504ms] [LOG] [Fast Refresh] done in 16ms @ http://localhost:3000/_next/static/chunks/node_modules_next_dist_1e8vcs8._.js:776
[ 1012567ms] [LOG] [Fast Refresh] done in 16ms @ http://localhost:3000/_next/static/chunks/node_modules_next_dist_1e8vcs8._.js:776
[ 1012630ms] [LOG] [Fast Refresh] done in 16ms @ http://localhost:3000/_next/static/chunks/node_modules_next_dist_1e8vcs8._.js:776
[ 1012693ms] [LOG] [Fast Refresh] done in 16ms @ http://localhost:3000/_next/static/chunks/node_modules_next_dist_1e8vcs8._.js:776
[ 1012755ms] [LOG] [Fast Refresh] done in 16ms @ http://localhost:3000/_next/static/chunks/node_modules_next_dist_1e8vcs8._.js:776
[ 1012818ms] [LOG] [Fast Refresh] done in 16ms @ http://localhost:3000/_next/static/chunks/node_modules_next_dist_1e8vcs8._.js:776
[ 1012879ms] [LOG] [Fast Refresh] done in 16ms @ http://localhost:3000/_next/static/chunks/node_modules_next_dist_1e8vcs8._.js:776
[ 1012943ms] [LOG] [Fast Refresh] done in 16ms @ http://localhost:3000/_next/static/chunks/node_modules_next_dist_1e8vcs8._.js:776
[ 1013005ms] [LOG] [Fast Refresh] done in 16ms @ http://localhost:3000/_next/static/chunks/node_modules_next_dist_1e8vcs8._.js:776
[ 1013068ms] [LOG] [Fast Refresh] done in 16ms @ http://localhost:3000/_next/static/chunks/node_modules_next_dist_1e8vcs8._.js:776
[ 1013130ms] [LOG] [Fast Refresh] done in 16ms @ http://localhost:3000/_next/static/chunks/node_modules_next_dist_1e8vcs8._.js:776
[ 1013193ms] [LOG] [Fast Refresh] done in 16ms @ http://localhost:3000/_next/static/chunks/node_modules_next_dist_1e8vcs8._.js:776
[ 1013255ms] [LOG] [Fast Refresh] done in 16ms @ http://localhost:3000/_next/static/chunks/node_modules_next_dist_1e8vcs8._.js:776
[ 1013320ms] [LOG] [Fast Refresh] done in 16ms @ http://localhost:3000/_next/static/chunks/node_modules_next_dist_1e8vcs8._.js:776
[ 1013382ms] [LOG] [Fast Refresh] done in 16ms @ http://localhost:3000/_next/static/chunks/node_modules_next_dist_1e8vcs8._.js:776
[ 1013445ms] [LOG] [Fast Refresh] done in 16ms @ http://localhost:3000/_next/static/chunks/node_modules_next_dist_1e8vcs8._.js:776
[ 1013507ms] [LOG] [Fast Refresh] done in 16ms @ http://localhost:3000/_next/static/chunks/node_modules_next_dist_1e8vcs8._.js:776
[ 1013571ms] [LOG] [Fast Refresh] done in 16ms @ http://localhost:3000/_next/static/chunks/node_modules_next_dist_1e8vcs8._.js:776
[ 1013634ms] [LOG] [Fast Refresh] done in 16ms @ http://localhost:3000/_next/static/chunks/node_modules_next_dist_1e8vcs8._.js:776
[ 1013697ms] [LOG] [Fast Refresh] done in 16ms @ http://localhost:3000/_next/static/chunks/node_modules_next_dist_1e8vcs8._.js:776
[ 1013759ms] [LOG] [Fast Refresh] done in 16ms @ http://localhost:3000/_next/static/chunks/node_modules_next_dist_1e8vcs8._.js:776
[ 1013821ms] [LOG] [Fast Refresh] done in 16ms @ http://localhost:3000/_next/static/chunks/node_modules_next_dist_1e8vcs8._.js:776
[ 1013884ms] [LOG] [Fast Refresh] done in 16ms @ http://localhost:3000/_next/static/chunks/node_modules_next_dist_1e8vcs8._.js:776
[ 1013946ms] [LOG] [Fast Refresh] done in 16ms @ http://localhost:3000/_next/static/chunks/node_modules_next_dist_1e8vcs8._.js:776
[ 1014007ms] [LOG] [Fast Refresh] done in 16ms @ http://localhost:3000/_next/static/chunks/node_modules_next_dist_1e8vcs8._.js:776
[ 1014070ms] [LOG] [Fast Refresh] done in 16ms @ http://localhost:3000/_next/static/chunks/node_modules_next_dist_1e8vcs8._.js:776
[ 1014132ms] [LOG] [Fast Refresh] done in 16ms @ http://localhost:3000/_next/static/chunks/node_modules_next_dist_1e8vcs8._.js:776
[ 1014195ms] [LOG] [Fast Refresh] done in 16ms @ http://localhost:3000/_next/static/chunks/node_modules_next_dist_1e8vcs8._.js:776
[ 1014257ms] [LOG] [Fast Refresh] done in 16ms @ http://localhost:3000/_next/static/chunks/node_modules_next_dist_1e8vcs8._.js:776
[ 1014320ms] [LOG] [Fast Refresh] done in 16ms @ http://localhost:3000/_next/static/chunks/node_modules_next_dist_1e8vcs8._.js:776
[ 1014381ms] [LOG] [Fast Refresh] done in 16ms @ http://localhost:3000/_next/static/chunks/node_modules_next_dist_1e8vcs8._.js:776
[ 1014445ms] [LOG] [Fast Refresh] done in 16ms @ http://localhost:3000/_next/static/chunks/node_modules_next_dist_1e8vcs8._.js:776
[ 1014507ms] [LOG] [Fast Refresh] done in 16ms @ http://localhost:3000/_next/static/chunks/node_modules_next_dist_1e8vcs8._.js:776
[ 1014569ms] [LOG] [Fast Refresh] done in 16ms @ http://localhost:3000/_next/static/chunks/node_modules_next_dist_1e8vcs8._.js:776
[ 1014632ms] [LOG] [Fast Refresh] done in 16ms @ http://localhost:3000/_next/static/chunks/node_modules_next_dist_1e8vcs8._.js:776
[ 1014694ms] [LOG] [Fast Refresh] done in 16ms @ http://localhost:3000/_next/static/chunks/node_modules_next_dist_1e8vcs8._.js:776
[ 1014757ms] [LOG] [Fast Refresh] done in 16ms @ http://localhost:3000/_next/static/chunks/node_modules_next_dist_1e8vcs8._.js:776
[ 1014821ms] [LOG] [Fast Refresh] done in 16ms @ http://localhost:3000/_next/static/chunks/node_modules_next_dist_1e8vcs8._.js:776
[ 1014883ms] [LOG] [Fast Refresh] done in 16ms @ http://localhost:3000/_next/static/chunks/node_modules_next_dist_1e8vcs8._.js:776
[ 1014945ms] [LOG] [Fast Refresh] done in 16ms @ http://localhost:3000/_next/static/chunks/node_modules_next_dist_1e8vcs8._.js:776
[ 1015008ms] [LOG] [Fast Refresh] done in 16ms @ http://localhost:3000/_next/static/chunks/node_modules_next_dist_1e8vcs8._.js:776
[ 1015070ms] [LOG] [Fast Refresh] done in 16ms @ http://localhost:3000/_next/static/chunks/node_modules_next_dist_1e8vcs8._.js:776
[ 1015134ms] [LOG] [Fast Refresh] done in 16ms @ http://localhost:3000/_next/static/chunks/node_modules_next_dist_1e8vcs8._.js:776
[ 1015197ms] [LOG] [Fast Refresh] done in 16ms @ http://localhost:3000/_next/static/chunks/node_modules_next_dist_1e8vcs8._.js:776
[ 1015260ms] [LOG] [Fast Refresh] done in 16ms @ http://localhost:3000/_next/static/chunks/node_modules_next_dist_1e8vcs8._.js:776
[ 1015321ms] [LOG] [Fast Refresh] done in 16ms @ http://localhost:3000/_next/static/chunks/node_modules_next_dist_1e8vcs8._.js:776
[ 1015383ms] [LOG] [Fast Refresh] done in 16ms @ http://localhost:3000/_next/static/chunks/node_modules_next_dist_1e8vcs8._.js:776
[ 1015446ms] [LOG] [Fast Refresh] done in 16ms @ http://localhost:3000/_next/static/chunks/node_modules_next_dist_1e8vcs8._.js:776
[ 1015509ms] [LOG] [Fast Refresh] done in 16ms @ http://localhost:3000/_next/static/chunks/node_modules_next_dist_1e8vcs8._.js:776
[ 1015571ms] [LOG] [Fast Refresh] done in 16ms @ http://localhost:3000/_next/static/chunks/node_modules_next_dist_1e8vcs8._.js:776
[ 1015633ms] [LOG] [Fast Refresh] done in 16ms @ http://localhost:3000/_next/static/chunks/node_modules_next_dist_1e8vcs8._.js:776
[ 1015695ms] [LOG] [Fast Refresh] done in 16ms @ http://localhost:3000/_next/static/chunks/node_modules_next_dist_1e8vcs8._.js:776
[ 1015759ms] [LOG] [Fast Refresh] done in 16ms @ http://localhost:3000/_next/static/chunks/node_modules_next_dist_1e8vcs8._.js:776
[ 1015821ms] [LOG] [Fast Refresh] done in 16ms @ http://localhost:3000/_next/static/chunks/node_modules_next_dist_1e8vcs8._.js:776
[ 1015882ms] [LOG] [Fast Refresh] done in 16ms @ http://localhost:3000/_next/static/chunks/node_modules_next_dist_1e8vcs8._.js:776
[ 1015945ms] [LOG] [Fast Refresh] done in 16ms @ http://localhost:3000/_next/static/chunks/node_modules_next_dist_1e8vcs8._.js:776
[ 1016007ms] [LOG] [Fast Refresh] done in 16ms @ http://localhost:3000/_next/static/chunks/node_modules_next_dist_1e8vcs8._.js:776
[ 1016069ms] [LOG] [Fast Refresh] done in 16ms @ http://localhost:3000/_next/static/chunks/node_modules_next_dist_1e8vcs8._.js:776
[ 1016133ms] [LOG] [Fast Refresh] done in 16ms @ http://localhost:3000/_next/static/chunks/node_modules_next_dist_1e8vcs8._.js:776
[ 1016195ms] [LOG] [Fast Refresh] done in 16ms @ http://localhost:3000/_next/static/chunks/node_modules_next_dist_1e8vcs8._.js:776
[ 1016258ms] [LOG] [Fast Refresh] done in 16ms @ http://localhost:3000/_next/static/chunks/node_modules_next_dist_1e8vcs8._.js:776
[ 1016321ms] [LOG] [Fast Refresh] done in 16ms @ http://localhost:3000/_next/static/chunks/node_modules_next_dist_1e8vcs8._.js:776
[ 1016383ms] [LOG] [Fast Refresh] done in 16ms @ http://localhost:3000/_next/static/chunks/node_modules_next_dist_1e8vcs8._.js:776
[ 1016445ms] [LOG] [Fast Refresh] done in 16ms @ http://localhost:3000/_next/static/chunks/node_modules_next_dist_1e8vcs8._.js:776
[ 1016507ms] [LOG] [Fast Refresh] done in 16ms @ http://localhost:3000/_next/static/chunks/node_modules_next_dist_1e8vcs8._.js:776
[ 1016570ms] [LOG] [Fast Refresh] done in 16ms @ http://localhost:3000/_next/static/chunks/node_modules_next_dist_1e8vcs8._.js:776
[ 1016633ms] [LOG] [Fast Refresh] done in 16ms @ http://localhost:3000/_next/static/chunks/node_modules_next_dist_1e8vcs8._.js:776
[ 1016696ms] [LOG] [Fast Refresh] done in 16ms @ http://localhost:3000/_next/static/chunks/node_modules_next_dist_1e8vcs8._.js:776
[ 1016760ms] [LOG] [Fast Refresh] done in 16ms @ http://localhost:3000/_next/static/chunks/node_modules_next_dist_1e8vcs8._.js:776
[ 1016822ms] [LOG] [Fast Refresh] done in 16ms @ http://localhost:3000/_next/static/chunks/node_modules_next_dist_1e8vcs8._.js:776
[ 1016887ms] [LOG] [Fast Refresh] done in 16ms @ http://localhost:3000/_next/static/chunks/node_modules_next_dist_1e8vcs8._.js:776
[ 1016945ms] [LOG] [Fast Refresh] done in 16ms @ http://localhost:3000/_next/static/chunks/node_modules_next_dist_1e8vcs8._.js:776
[ 1017008ms] [LOG] [Fast Refresh] done in 16ms @ http://localhost:3000/_next/static/chunks/node_modules_next_dist_1e8vcs8._.js:776
[ 1017069ms] [LOG] [Fast Refresh] done in 16ms @ http://localhost:3000/_next/static/chunks/node_modules_next_dist_1e8vcs8._.js:776
[ 1017133ms] [LOG] [Fast Refresh] done in 16ms @ http://localhost:3000/_next/static/chunks/node_modules_next_dist_1e8vcs8._.js:776
[ 1017195ms] [LOG] [Fast Refresh] done in 16ms @ http://localhost:3000/_next/static/chunks/node_modules_next_dist_1e8vcs8._.js:776
[ 1017257ms] [LOG] [Fast Refresh] done in 16ms @ http://localhost:3000/_next/static/chunks/node_modules_next_dist_1e8vcs8._.js:776
[ 1017319ms] [LOG] [Fast Refresh] done in 16ms @ http://localhost:3000/_next/static/chunks/node_modules_next_dist_1e8vcs8._.js:776
[ 1017380ms] [LOG] [Fast Refresh] done in 16ms @ http://localhost:3000/_next/static/chunks/node_modules_next_dist_1e8vcs8._.js:776
[ 1017443ms] [LOG] [Fast Refresh] done in 16ms @ http://localhost:3000/_next/static/chunks/node_modules_next_dist_1e8vcs8._.js:776
[ 1017506ms] [LOG] [Fast Refresh] done in 16ms @ http://localhost:3000/_next/static/chunks/node_modules_next_dist_1e8vcs8._.js:776
[ 1017569ms] [LOG] [Fast Refresh] done in 16ms @ http://localhost:3000/_next/static/chunks/node_modules_next_dist_1e8vcs8._.js:776
[ 1017631ms] [LOG] [Fast Refresh] done in 16ms @ http://localhost:3000/_next/static/chunks/node_modules_next_dist_1e8vcs8._.js:776
[ 1017694ms] [LOG] [Fast Refresh] done in 16ms @ http://localhost:3000/_next/static/chunks/node_modules_next_dist_1e8vcs8._.js:776
[ 1017755ms] [LOG] [Fast Refresh] done in 16ms @ http://localhost:3000/_next/static/chunks/node_modules_next_dist_1e8vcs8._.js:776
[ 1017819ms] [LOG] [Fast Refresh] done in 16ms @ http://localhost:3000/_next/static/chunks/node_modules_next_dist_1e8vcs8._.js:776
[ 1017882ms] [LOG] [Fast Refresh] done in 16ms @ http://localhost:3000/_next/static/chunks/node_modules_next_dist_1e8vcs8._.js:776
[ 1017946ms] [LOG] [Fast Refresh] done in 16ms @ http://localhost:3000/_next/static/chunks/node_modules_next_dist_1e8vcs8._.js:776
[ 1018009ms] [LOG] [Fast Refresh] done in 16ms @ http://localhost:3000/_next/static/chunks/node_modules_next_dist_1e8vcs8._.js:776
[ 1018072ms] [LOG] [Fast Refresh] done in 16ms @ http://localhost:3000/_next/static/chunks/node_modules_next_dist_1e8vcs8._.js:776
[ 1018134ms] [LOG] [Fast Refresh] done in 16ms @ http://localhost:3000/_next/static/chunks/node_modules_next_dist_1e8vcs8._.js:776
[ 1018196ms] [LOG] [Fast Refresh] done in 16ms @ http://localhost:3000/_next/static/chunks/node_modules_next_dist_1e8vcs8._.js:776
[ 1018260ms] [LOG] [Fast Refresh] done in 16ms @ http://localhost:3000/_next/static/chunks/node_modules_next_dist_1e8vcs8._.js:776
[ 1018322ms] [LOG] [Fast Refresh] done in 16ms @ http://localhost:3000/_next/static/chunks/node_modules_next_dist_1e8vcs8._.js:776
[ 1018385ms] [LOG] [Fast Refresh] done in 16ms @ http://localhost:3000/_next/static/chunks/node_modules_next_dist_1e8vcs8._.js:776
[ 1018447ms] [LOG] [Fast Refresh] done in 16ms @ http://localhost:3000/_next/static/chunks/node_modules_next_dist_1e8vcs8._.js:776
[ 1018510ms] [LOG] [Fast Refresh] done in 16ms @ http://localhost:3000/_next/static/chunks/node_modules_next_dist_1e8vcs8._.js:776
[ 1018573ms] [LOG] [Fast Refresh] done in 16ms @ http://localhost:3000/_next/static/chunks/node_modules_next_dist_1e8vcs8._.js:776
[ 1018634ms] [LOG] [Fast Refresh] done in 16ms @ http://localhost:3000/_next/static/chunks/node_modules_next_dist_1e8vcs8._.js:776
[ 1018696ms] [LOG] [Fast Refresh] done in 16ms @ http://localhost:3000/_next/static/chunks/node_modules_next_dist_1e8vcs8._.js:776
[ 1018758ms] [LOG] [Fast Refresh] done in 16ms @ http://localhost:3000/_next/static/chunks/node_modules_next_dist_1e8vcs8._.js:776
[ 1018821ms] [LOG] [Fast Refresh] done in 16ms @ http://localhost:3000/_next/static/chunks/node_modules_next_dist_1e8vcs8._.js:776
[ 1018884ms] [LOG] [Fast Refresh] done in 16ms @ http://localhost:3000/_next/static/chunks/node_modules_next_dist_1e8vcs8._.js:776
[ 1018946ms] [LOG] [Fast Refresh] done in 16ms @ http://localhost:3000/_next/static/chunks/node_modules_next_dist_1e8vcs8._.js:776
[ 1019007ms] [LOG] [Fast Refresh] done in 16ms @ http://localhost:3000/_next/static/chunks/node_modules_next_dist_1e8vcs8._.js:776
[ 1019069ms] [LOG] [Fast Refresh] done in 16ms @ http://localhost:3000/_next/static/chunks/node_modules_next_dist_1e8vcs8._.js:776
[ 1019130ms] [LOG] [Fast Refresh] done in 16ms @ http://localhost:3000/_next/static/chunks/node_modules_next_dist_1e8vcs8._.js:776
[ 1019194ms] [LOG] [Fast Refresh] done in 16ms @ http://localhost:3000/_next/static/chunks/node_modules_next_dist_1e8vcs8._.js:776
[ 1019258ms] [LOG] [Fast Refresh] done in 16ms @ http://localhost:3000/_next/static/chunks/node_modules_next_dist_1e8vcs8._.js:776
[ 1019319ms] [LOG] [Fast Refresh] done in 16ms @ http://localhost:3000/_next/static/chunks/node_modules_next_dist_1e8vcs8._.js:776
[ 1019380ms] [LOG] [Fast Refresh] done in 16ms @ http://localhost:3000/_next/static/chunks/node_modules_next_dist_1e8vcs8._.js:776
[ 1019444ms] [LOG] [Fast Refresh] done in 16ms @ http://localhost:3000/_next/static/chunks/node_modules_next_dist_1e8vcs8._.js:776
[ 1019505ms] [LOG] [Fast Refresh] done in 16ms @ http://localhost:3000/_next/static/chunks/node_modules_next_dist_1e8vcs8._.js:776
[ 1019568ms] [LOG] [Fast Refresh] done in 16ms @ http://localhost:3000/_next/static/chunks/node_modules_next_dist_1e8vcs8._.js:776
[ 1019631ms] [LOG] [Fast Refresh] done in 16ms @ http://localhost:3000/_next/static/chunks/node_modules_next_dist_1e8vcs8._.js:776
[ 1019694ms] [LOG] [Fast Refresh] done in 16ms @ http://localhost:3000/_next/static/chunks/node_modules_next_dist_1e8vcs8._.js:776
[ 1019756ms] [LOG] [Fast Refresh] done in 16ms @ http://localhost:3000/_next/static/chunks/node_modules_next_dist_1e8vcs8._.js:776
[ 1019819ms] [LOG] [Fast Refresh] done in 16ms @ http://localhost:3000/_next/static/chunks/node_modules_next_dist_1e8vcs8._.js:776
[ 1019881ms] [LOG] [Fast Refresh] done in 16ms @ http://localhost:3000/_next/static/chunks/node_modules_next_dist_1e8vcs8._.js:776
[ 1019943ms] [LOG] [Fast Refresh] done in 16ms @ http://localhost:3000/_next/static/chunks/node_modules_next_dist_1e8vcs8._.js:776
[ 1020006ms] [LOG] [Fast Refresh] done in 16ms @ http://localhost:3000/_next/static/chunks/node_modules_next_dist_1e8vcs8._.js:776
[ 1020069ms] [LOG] [Fast Refresh] done in 16ms @ http://localhost:3000/_next/static/chunks/node_modules_next_dist_1e8vcs8._.js:776
[ 1020130ms] [LOG] [Fast Refresh] done in 16ms @ http://localhost:3000/_next/static/chunks/node_modules_next_dist_1e8vcs8._.js:776
[ 1020194ms] [LOG] [Fast Refresh] done in 16ms @ http://localhost:3000/_next/static/chunks/node_modules_next_dist_1e8vcs8._.js:776
[ 1020257ms] [LOG] [Fast Refresh] done in 16ms @ http://localhost:3000/_next/static/chunks/node_modules_next_dist_1e8vcs8._.js:776
[ 1020320ms] [LOG] [Fast Refresh] done in 16ms @ http://localhost:3000/_next/static/chunks/node_modules_next_dist_1e8vcs8._.js:776
[ 1020383ms] [LOG] [Fast Refresh] done in 16ms @ http://localhost:3000/_next/static/chunks/node_modules_next_dist_1e8vcs8._.js:776
[ 1020446ms] [LOG] [Fast Refresh] done in 16ms @ http://localhost:3000/_next/static/chunks/node_modules_next_dist_1e8vcs8._.js:776
[ 1020509ms] [LOG] [Fast Refresh] done in 16ms @ http://localhost:3000/_next/static/chunks/node_modules_next_dist_1e8vcs8._.js:776
[ 1020572ms] [LOG] [Fast Refresh] done in 16ms @ http://localhost:3000/_next/static/chunks/node_modules_next_dist_1e8vcs8._.js:776
[ 1020635ms] [LOG] [Fast Refresh] done in 16ms @ http://localhost:3000/_next/static/chunks/node_modules_next_dist_1e8vcs8._.js:776
[ 1020699ms] [LOG] [Fast Refresh] done in 16ms @ http://localhost:3000/_next/static/chunks/node_modules_next_dist_1e8vcs8._.js:776
[ 1020760ms] [LOG] [Fast Refresh] done in 16ms @ http://localhost:3000/_next/static/chunks/node_modules_next_dist_1e8vcs8._.js:776
[ 1020822ms] [LOG] [Fast Refresh] done in 16ms @ http://localhost:3000/_next/static/chunks/node_modules_next_dist_1e8vcs8._.js:776
[ 1020883ms] [LOG] [Fast Refresh] done in 16ms @ http://localhost:3000/_next/static/chunks/node_modules_next_dist_1e8vcs8._.js:776
[ 1020945ms] [LOG] [Fast Refresh] done in 16ms @ http://localhost:3000/_next/static/chunks/node_modules_next_dist_1e8vcs8._.js:776
[ 1021008ms] [LOG] [Fast Refresh] done in 16ms @ http://localhost:3000/_next/static/chunks/node_modules_next_dist_1e8vcs8._.js:776
[ 1021071ms] [LOG] [Fast Refresh] done in 16ms @ http://localhost:3000/_next/static/chunks/node_modules_next_dist_1e8vcs8._.js:776
[ 1021134ms] [LOG] [Fast Refresh] done in 16ms @ http://localhost:3000/_next/static/chunks/node_modules_next_dist_1e8vcs8._.js:776
[ 1021197ms] [LOG] [Fast Refresh] done in 16ms @ http://localhost:3000/_next/static/chunks/node_modules_next_dist_1e8vcs8._.js:776
[ 1021259ms] [LOG] [Fast Refresh] done in 16ms @ http://localhost:3000/_next/static/chunks/node_modules_next_dist_1e8vcs8._.js:776
[ 1021322ms] [LOG] [Fast Refresh] done in 16ms @ http://localhost:3000/_next/static/chunks/node_modules_next_dist_1e8vcs8._.js:776
[ 1021385ms] [LOG] [Fast Refresh] done in 16ms @ http://localhost:3000/_next/static/chunks/node_modules_next_dist_1e8vcs8._.js:776
[ 1021449ms] [LOG] [Fast Refresh] done in 16ms @ http://localhost:3000/_next/static/chunks/node_modules_next_dist_1e8vcs8._.js:776
[ 1021511ms] [LOG] [Fast Refresh] done in 16ms @ http://localhost:3000/_next/static/chunks/node_modules_next_dist_1e8vcs8._.js:776
[ 1021575ms] [LOG] [Fast Refresh] done in 16ms @ http://localhost:3000/_next/static/chunks/node_modules_next_dist_1e8vcs8._.js:776
[ 1021636ms] [LOG] [Fast Refresh] done in 16ms @ http://localhost:3000/_next/static/chunks/node_modules_next_dist_1e8vcs8._.js:776
[ 1021700ms] [LOG] [Fast Refresh] done in 16ms @ http://localhost:3000/_next/static/chunks/node_modules_next_dist_1e8vcs8._.js:776
[ 1021761ms] [LOG] [Fast Refresh] done in 16ms @ http://localhost:3000/_next/static/chunks/node_modules_next_dist_1e8vcs8._.js:776
[ 1021823ms] [LOG] [Fast Refresh] done in 16ms @ http://localhost:3000/_next/static/chunks/node_modules_next_dist_1e8vcs8._.js:776
[ 1021887ms] [LOG] [Fast Refresh] done in 16ms @ http://localhost:3000/_next/static/chunks/node_modules_next_dist_1e8vcs8._.js:776
[ 1021950ms] [LOG] [Fast Refresh] done in 16ms @ http://localhost:3000/_next/static/chunks/node_modules_next_dist_1e8vcs8._.js:776
[ 1022013ms] [LOG] [Fast Refresh] done in 16ms @ http://localhost:3000/_next/static/chunks/node_modules_next_dist_1e8vcs8._.js:776
[ 1022077ms] [LOG] [Fast Refresh] done in 16ms @ http://localhost:3000/_next/static/chunks/node_modules_next_dist_1e8vcs8._.js:776
[ 1022140ms] [LOG] [Fast Refresh] done in 16ms @ http://localhost:3000/_next/static/chunks/node_modules_next_dist_1e8vcs8._.js:776
[ 1022203ms] [LOG] [Fast Refresh] done in 16ms @ http://localhost:3000/_next/static/chunks/node_modules_next_dist_1e8vcs8._.js:776
[ 1022265ms] [LOG] [Fast Refresh] done in 16ms @ http://localhost:3000/_next/static/chunks/node_modules_next_dist_1e8vcs8._.js:776
[ 1022328ms] [LOG] [Fast Refresh] done in 16ms @ http://localhost:3000/_next/static/chunks/node_modules_next_dist_1e8vcs8._.js:776
[ 1022390ms] [LOG] [Fast Refresh] done in 16ms @ http://localhost:3000/_next/static/chunks/node_modules_next_dist_1e8vcs8._.js:776
[ 1022452ms] [LOG] [Fast Refresh] done in 16ms @ http://localhost:3000/_next/static/chunks/node_modules_next_dist_1e8vcs8._.js:776
[ 1022514ms] [LOG] [Fast Refresh] done in 16ms @ http://localhost:3000/_next/static/chunks/node_modules_next_dist_1e8vcs8._.js:776
[ 1022576ms] [LOG] [Fast Refresh] done in 16ms @ http://localhost:3000/_next/static/chunks/node_modules_next_dist_1e8vcs8._.js:776
[ 1022639ms] [LOG] [Fast Refresh] done in 16ms @ http://localhost:3000/_next/static/chunks/node_modules_next_dist_1e8vcs8._.js:776
[ 1022702ms] [LOG] [Fast Refresh] done in 16ms @ http://localhost:3000/_next/static/chunks/node_modules_next_dist_1e8vcs8._.js:776
[ 1022764ms] [LOG] [Fast Refresh] done in 16ms @ http://localhost:3000/_next/static/chunks/node_modules_next_dist_1e8vcs8._.js:776
[ 1022826ms] [LOG] [Fast Refresh] done in 16ms @ http://localhost:3000/_next/static/chunks/node_modules_next_dist_1e8vcs8._.js:776
[ 1022889ms] [LOG] [Fast Refresh] done in 16ms @ http://localhost:3000/_next/static/chunks/node_modules_next_dist_1e8vcs8._.js:776
[ 1022950ms] [LOG] [Fast Refresh] done in 16ms @ http://localhost:3000/_next/static/chunks/node_modules_next_dist_1e8vcs8._.js:776
[ 1023011ms] [LOG] [Fast Refresh] done in 16ms @ http://localhost:3000/_next/static/chunks/node_modules_next_dist_1e8vcs8._.js:776
[ 1023105ms] [LOG] [Fast Refresh] rebuilding @ http://localhost:3000/_next/static/chunks/node_modules_next_dist_1e8vcs8._.js:776
[ 1023227ms] [LOG] [Fast Refresh] done in 11ms @ http://localhost:3000/_next/static/chunks/node_modules_next_dist_1e8vcs8._.js:776
[ 1023293ms] [LOG] [Fast Refresh] done in 11ms @ http://localhost:3000/_next/static/chunks/node_modules_next_dist_1e8vcs8._.js:776
[ 1023354ms] [LOG] [Fast Refresh] done in 11ms @ http://localhost:3000/_next/static/chunks/node_modules_next_dist_1e8vcs8._.js:776
[ 1023420ms] [LOG] [Fast Refresh] done in 11ms @ http://localhost:3000/_next/static/chunks/node_modules_next_dist_1e8vcs8._.js:776
[ 1023481ms] [LOG] [Fast Refresh] done in 11ms @ http://localhost:3000/_next/static/chunks/node_modules_next_dist_1e8vcs8._.js:776
[ 1023543ms] [LOG] [Fast Refresh] done in 11ms @ http://localhost:3000/_next/static/chunks/node_modules_next_dist_1e8vcs8._.js:776
[ 1023606ms] [LOG] [Fast Refresh] done in 11ms @ http://localhost:3000/_next/static/chunks/node_modules_next_dist_1e8vcs8._.js:776
[ 1023668ms] [LOG] [Fast Refresh] done in 11ms @ http://localhost:3000/_next/static/chunks/node_modules_next_dist_1e8vcs8._.js:776
[ 1023731ms] [LOG] [Fast Refresh] done in 11ms @ http://localhost:3000/_next/static/chunks/node_modules_next_dist_1e8vcs8._.js:776
[ 1023794ms] [LOG] [Fast Refresh] done in 11ms @ http://localhost:3000/_next/static/chunks/node_modules_next_dist_1e8vcs8._.js:776
[ 1023856ms] [LOG] [Fast Refresh] done in 11ms @ http://localhost:3000/_next/static/chunks/node_modules_next_dist_1e8vcs8._.js:776
[ 1023918ms] [LOG] [Fast Refresh] done in 11ms @ http://localhost:3000/_next/static/chunks/node_modules_next_dist_1e8vcs8._.js:776
[ 1023982ms] [LOG] [Fast Refresh] done in 11ms @ http://localhost:3000/_next/static/chunks/node_modules_next_dist_1e8vcs8._.js:776
[ 1024044ms] [LOG] [Fast Refresh] done in 11ms @ http://localhost:3000/_next/static/chunks/node_modules_next_dist_1e8vcs8._.js:776
[ 1024107ms] [LOG] [Fast Refresh] done in 11ms @ http://localhost:3000/_next/static/chunks/node_modules_next_dist_1e8vcs8._.js:776
[ 1024170ms] [LOG] [Fast Refresh] done in 11ms @ http://localhost:3000/_next/static/chunks/node_modules_next_dist_1e8vcs8._.js:776
[ 1024233ms] [LOG] [Fast Refresh] done in 11ms @ http://localhost:3000/_next/static/chunks/node_modules_next_dist_1e8vcs8._.js:776
[ 1024296ms] [LOG] [Fast Refresh] done in 11ms @ http://localhost:3000/_next/static/chunks/node_modules_next_dist_1e8vcs8._.js:776
[ 1024360ms] [LOG] [Fast Refresh] done in 11ms @ http://localhost:3000/_next/static/chunks/node_modules_next_dist_1e8vcs8._.js:776
[ 1024422ms] [LOG] [Fast Refresh] done in 11ms @ http://localhost:3000/_next/static/chunks/node_modules_next_dist_1e8vcs8._.js:776
[ 1024485ms] [LOG] [Fast Refresh] done in 11ms @ http://localhost:3000/_next/static/chunks/node_modules_next_dist_1e8vcs8._.js:776
[ 1024548ms] [LOG] [Fast Refresh] done in 11ms @ http://localhost:3000/_next/static/chunks/node_modules_next_dist_1e8vcs8._.js:776
[ 1024610ms] [LOG] [Fast Refresh] done in 11ms @ http://localhost:3000/_next/static/chunks/node_modules_next_dist_1e8vcs8._.js:776
[ 1024673ms] [LOG] [Fast Refresh] done in 11ms @ http://localhost:3000/_next/static/chunks/node_modules_next_dist_1e8vcs8._.js:776
[ 1024736ms] [LOG] [Fast Refresh] done in 11ms @ http://localhost:3000/_next/static/chunks/node_modules_next_dist_1e8vcs8._.js:776
[ 1024799ms] [LOG] [Fast Refresh] done in 11ms @ http://localhost:3000/_next/static/chunks/node_modules_next_dist_1e8vcs8._.js:776
[ 1024860ms] [LOG] [Fast Refresh] done in 11ms @ http://localhost:3000/_next/static/chunks/node_modules_next_dist_1e8vcs8._.js:776
[ 1024921ms] [LOG] [Fast Refresh] done in 11ms @ http://localhost:3000/_next/static/chunks/node_modules_next_dist_1e8vcs8._.js:776
[ 1024984ms] [LOG] [Fast Refresh] done in 11ms @ http://localhost:3000/_next/static/chunks/node_modules_next_dist_1e8vcs8._.js:776
[ 1025047ms] [LOG] [Fast Refresh] done in 11ms @ http://localhost:3000/_next/static/chunks/node_modules_next_dist_1e8vcs8._.js:776
[ 1025110ms] [LOG] [Fast Refresh] done in 11ms @ http://localhost:3000/_next/static/chunks/node_modules_next_dist_1e8vcs8._.js:776
[ 1025174ms] [LOG] [Fast Refresh] done in 11ms @ http://localhost:3000/_next/static/chunks/node_modules_next_dist_1e8vcs8._.js:776
[ 1025234ms] [LOG] [Fast Refresh] done in 11ms @ http://localhost:3000/_next/static/chunks/node_modules_next_dist_1e8vcs8._.js:776
[ 1025296ms] [LOG] [Fast Refresh] done in 11ms @ http://localhost:3000/_next/static/chunks/node_modules_next_dist_1e8vcs8._.js:776
[ 1025358ms] [LOG] [Fast Refresh] done in 11ms @ http://localhost:3000/_next/static/chunks/node_modules_next_dist_1e8vcs8._.js:776
[ 1025422ms] [LOG] [Fast Refresh] done in 11ms @ http://localhost:3000/_next/static/chunks/node_modules_next_dist_1e8vcs8._.js:776
[ 1025486ms] [LOG] [Fast Refresh] done in 11ms @ http://localhost:3000/_next/static/chunks/node_modules_next_dist_1e8vcs8._.js:776
[ 1025546ms] [LOG] [Fast Refresh] done in 11ms @ http://localhost:3000/_next/static/chunks/node_modules_next_dist_1e8vcs8._.js:776
[ 1025610ms] [LOG] [Fast Refresh] done in 11ms @ http://localhost:3000/_next/static/chunks/node_modules_next_dist_1e8vcs8._.js:776
[ 1025672ms] [LOG] [Fast Refresh] done in 11ms @ http://localhost:3000/_next/static/chunks/node_modules_next_dist_1e8vcs8._.js:776
[ 1025735ms] [LOG] [Fast Refresh] done in 11ms @ http://localhost:3000/_next/static/chunks/node_modules_next_dist_1e8vcs8._.js:776
[ 1025796ms] [LOG] [Fast Refresh] done in 11ms @ http://localhost:3000/_next/static/chunks/node_modules_next_dist_1e8vcs8._.js:776
[ 1025859ms] [LOG] [Fast Refresh] done in 11ms @ http://localhost:3000/_next/static/chunks/node_modules_next_dist_1e8vcs8._.js:776
[ 1025922ms] [LOG] [Fast Refresh] done in 11ms @ http://localhost:3000/_next/static/chunks/node_modules_next_dist_1e8vcs8._.js:776
[ 1025984ms] [LOG] [Fast Refresh] done in 11ms @ http://localhost:3000/_next/static/chunks/node_modules_next_dist_1e8vcs8._.js:776
[ 1026047ms] [LOG] [Fast Refresh] done in 11ms @ http://localhost:3000/_next/static/chunks/node_modules_next_dist_1e8vcs8._.js:776
[ 1026108ms] [LOG] [Fast Refresh] done in 11ms @ http://localhost:3000/_next/static/chunks/node_modules_next_dist_1e8vcs8._.js:776
[ 1026171ms] [LOG] [Fast Refresh] done in 11ms @ http://localhost:3000/_next/static/chunks/node_modules_next_dist_1e8vcs8._.js:776
[ 1026232ms] [LOG] [Fast Refresh] done in 11ms @ http://localhost:3000/_next/static/chunks/node_modules_next_dist_1e8vcs8._.js:776
[ 1026297ms] [LOG] [Fast Refresh] done in 11ms @ http://localhost:3000/_next/static/chunks/node_modules_next_dist_1e8vcs8._.js:776
[ 1026359ms] [LOG] [Fast Refresh] done in 11ms @ http://localhost:3000/_next/static/chunks/node_modules_next_dist_1e8vcs8._.js:776
[ 1026422ms] [LOG] [Fast Refresh] done in 11ms @ http://localhost:3000/_next/static/chunks/node_modules_next_dist_1e8vcs8._.js:776
[ 1026484ms] [LOG] [Fast Refresh] done in 11ms @ http://localhost:3000/_next/static/chunks/node_modules_next_dist_1e8vcs8._.js:776
[ 1026547ms] [LOG] [Fast Refresh] done in 11ms @ http://localhost:3000/_next/static/chunks/node_modules_next_dist_1e8vcs8._.js:776
[ 1026608ms] [LOG] [Fast Refresh] done in 11ms @ http://localhost:3000/_next/static/chunks/node_modules_next_dist_1e8vcs8._.js:776
[ 1026671ms] [LOG] [Fast Refresh] done in 11ms @ http://localhost:3000/_next/static/chunks/node_modules_next_dist_1e8vcs8._.js:776
[ 1026734ms] [LOG] [Fast Refresh] done in 11ms @ http://localhost:3000/_next/static/chunks/node_modules_next_dist_1e8vcs8._.js:776
[ 1026796ms] [LOG] [Fast Refresh] done in 11ms @ http://localhost:3000/_next/static/chunks/node_modules_next_dist_1e8vcs8._.js:776
[ 1026860ms] [LOG] [Fast Refresh] done in 11ms @ http://localhost:3000/_next/static/chunks/node_modules_next_dist_1e8vcs8._.js:776
[ 1026924ms] [LOG] [Fast Refresh] done in 11ms @ http://localhost:3000/_next/static/chunks/node_modules_next_dist_1e8vcs8._.js:776
[ 1026984ms] [LOG] [Fast Refresh] done in 11ms @ http://localhost:3000/_next/static/chunks/node_modules_next_dist_1e8vcs8._.js:776
[ 1027046ms] [LOG] [Fast Refresh] done in 11ms @ http://localhost:3000/_next/static/chunks/node_modules_next_dist_1e8vcs8._.js:776
[ 1027107ms] [LOG] [Fast Refresh] done in 11ms @ http://localhost:3000/_next/static/chunks/node_modules_next_dist_1e8vcs8._.js:776
[ 1027171ms] [LOG] [Fast Refresh] done in 11ms @ http://localhost:3000/_next/static/chunks/node_modules_next_dist_1e8vcs8._.js:776
[ 1027233ms] [LOG] [Fast Refresh] done in 11ms @ http://localhost:3000/_next/static/chunks/node_modules_next_dist_1e8vcs8._.js:776
[ 1027295ms] [LOG] [Fast Refresh] done in 11ms @ http://localhost:3000/_next/static/chunks/node_modules_next_dist_1e8vcs8._.js:776
[ 1027359ms] [LOG] [Fast Refresh] done in 11ms @ http://localhost:3000/_next/static/chunks/node_modules_next_dist_1e8vcs8._.js:776
[ 1027420ms] [LOG] [Fast Refresh] done in 11ms @ http://localhost:3000/_next/static/chunks/node_modules_next_dist_1e8vcs8._.js:776
[ 1027483ms] [LOG] [Fast Refresh] done in 11ms @ http://localhost:3000/_next/static/chunks/node_modules_next_dist_1e8vcs8._.js:776
[ 1027545ms] [LOG] [Fast Refresh] done in 11ms @ http://localhost:3000/_next/static/chunks/node_modules_next_dist_1e8vcs8._.js:776
[ 1027609ms] [LOG] [Fast Refresh] done in 11ms @ http://localhost:3000/_next/static/chunks/node_modules_next_dist_1e8vcs8._.js:776
[ 1027672ms] [LOG] [Fast Refresh] done in 11ms @ http://localhost:3000/_next/static/chunks/node_modules_next_dist_1e8vcs8._.js:776
[ 1027736ms] [LOG] [Fast Refresh] done in 11ms @ http://localhost:3000/_next/static/chunks/node_modules_next_dist_1e8vcs8._.js:776
[ 1027798ms] [LOG] [Fast Refresh] done in 11ms @ http://localhost:3000/_next/static/chunks/node_modules_next_dist_1e8vcs8._.js:776
[ 1027860ms] [LOG] [Fast Refresh] done in 11ms @ http://localhost:3000/_next/static/chunks/node_modules_next_dist_1e8vcs8._.js:776
[ 1027923ms] [LOG] [Fast Refresh] done in 11ms @ http://localhost:3000/_next/static/chunks/node_modules_next_dist_1e8vcs8._.js:776
[ 1027986ms] [LOG] [Fast Refresh] done in 11ms @ http://localhost:3000/_next/static/chunks/node_modules_next_dist_1e8vcs8._.js:776
[ 1028050ms] [LOG] [Fast Refresh] done in 11ms @ http://localhost:3000/_next/static/chunks/node_modules_next_dist_1e8vcs8._.js:776
[ 1028112ms] [LOG] [Fast Refresh] done in 11ms @ http://localhost:3000/_next/static/chunks/node_modules_next_dist_1e8vcs8._.js:776
[ 1028176ms] [LOG] [Fast Refresh] done in 11ms @ http://localhost:3000/_next/static/chunks/node_modules_next_dist_1e8vcs8._.js:776
[ 1028238ms] [LOG] [Fast Refresh] done in 11ms @ http://localhost:3000/_next/static/chunks/node_modules_next_dist_1e8vcs8._.js:776
[ 1028300ms] [LOG] [Fast Refresh] done in 11ms @ http://localhost:3000/_next/static/chunks/node_modules_next_dist_1e8vcs8._.js:776
[ 1028363ms] [LOG] [Fast Refresh] done in 11ms @ http://localhost:3000/_next/static/chunks/node_modules_next_dist_1e8vcs8._.js:776
[ 1028426ms] [LOG] [Fast Refresh] done in 11ms @ http://localhost:3000/_next/static/chunks/node_modules_next_dist_1e8vcs8._.js:776
[ 1028487ms] [LOG] [Fast Refresh] done in 11ms @ http://localhost:3000/_next/static/chunks/node_modules_next_dist_1e8vcs8._.js:776
[ 1028550ms] [LOG] [Fast Refresh] done in 11ms @ http://localhost:3000/_next/static/chunks/node_modules_next_dist_1e8vcs8._.js:776
[ 1028614ms] [LOG] [Fast Refresh] done in 11ms @ http://localhost:3000/_next/static/chunks/node_modules_next_dist_1e8vcs8._.js:776
[ 1028676ms] [LOG] [Fast Refresh] done in 11ms @ http://localhost:3000/_next/static/chunks/node_modules_next_dist_1e8vcs8._.js:776
[ 1028740ms] [LOG] [Fast Refresh] done in 11ms @ http://localhost:3000/_next/static/chunks/node_modules_next_dist_1e8vcs8._.js:776
[ 1028804ms] [LOG] [Fast Refresh] done in 11ms @ http://localhost:3000/_next/static/chunks/node_modules_next_dist_1e8vcs8._.js:776
[ 1028867ms] [LOG] [Fast Refresh] done in 11ms @ http://localhost:3000/_next/static/chunks/node_modules_next_dist_1e8vcs8._.js:776
[ 1028928ms] [LOG] [Fast Refresh] done in 11ms @ http://localhost:3000/_next/static/chunks/node_modules_next_dist_1e8vcs8._.js:776
[ 1028991ms] [LOG] [Fast Refresh] done in 11ms @ http://localhost:3000/_next/static/chunks/node_modules_next_dist_1e8vcs8._.js:776
[ 1029053ms] [LOG] [Fast Refresh] done in 11ms @ http://localhost:3000/_next/static/chunks/node_modules_next_dist_1e8vcs8._.js:776
[ 1029115ms] [LOG] [Fast Refresh] done in 11ms @ http://localhost:3000/_next/static/chunks/node_modules_next_dist_1e8vcs8._.js:776
[ 1029178ms] [LOG] [Fast Refresh] done in 11ms @ http://localhost:3000/_next/static/chunks/node_modules_next_dist_1e8vcs8._.js:776
[ 1029241ms] [LOG] [Fast Refresh] done in 11ms @ http://localhost:3000/_next/static/chunks/node_modules_next_dist_1e8vcs8._.js:776
[ 1029304ms] [LOG] [Fast Refresh] done in 11ms @ http://localhost:3000/_next/static/chunks/node_modules_next_dist_1e8vcs8._.js:776
[ 1029365ms] [LOG] [Fast Refresh] done in 11ms @ http://localhost:3000/_next/static/chunks/node_modules_next_dist_1e8vcs8._.js:776
[ 1029429ms] [LOG] [Fast Refresh] done in 11ms @ http://localhost:3000/_next/static/chunks/node_modules_next_dist_1e8vcs8._.js:776
[ 1029491ms] [LOG] [Fast Refresh] done in 11ms @ http://localhost:3000/_next/static/chunks/node_modules_next_dist_1e8vcs8._.js:776
[ 1029553ms] [LOG] [Fast Refresh] done in 11ms @ http://localhost:3000/_next/static/chunks/node_modules_next_dist_1e8vcs8._.js:776
[ 1029616ms] [LOG] [Fast Refresh] done in 11ms @ http://localhost:3000/_next/static/chunks/node_modules_next_dist_1e8vcs8._.js:776
[ 1029680ms] [LOG] [Fast Refresh] done in 11ms @ http://localhost:3000/_next/static/chunks/node_modules_next_dist_1e8vcs8._.js:776
[ 1029743ms] [LOG] [Fast Refresh] done in 11ms @ http://localhost:3000/_next/static/chunks/node_modules_next_dist_1e8vcs8._.js:776
[ 1029806ms] [LOG] [Fast Refresh] done in 11ms @ http://localhost:3000/_next/static/chunks/node_modules_next_dist_1e8vcs8._.js:776
[ 1029868ms] [LOG] [Fast Refresh] done in 11ms @ http://localhost:3000/_next/static/chunks/node_modules_next_dist_1e8vcs8._.js:776
[ 1029932ms] [LOG] [Fast Refresh] done in 11ms @ http://localhost:3000/_next/static/chunks/node_modules_next_dist_1e8vcs8._.js:776
[ 1029995ms] [LOG] [Fast Refresh] done in 11ms @ http://localhost:3000/_next/static/chunks/node_modules_next_dist_1e8vcs8._.js:776
[ 1030057ms] [LOG] [Fast Refresh] done in 11ms @ http://localhost:3000/_next/static/chunks/node_modules_next_dist_1e8vcs8._.js:776
[ 1030120ms] [LOG] [Fast Refresh] done in 11ms @ http://localhost:3000/_next/static/chunks/node_modules_next_dist_1e8vcs8._.js:776
[ 1030182ms] [LOG] [Fast Refresh] done in 11ms @ http://localhost:3000/_next/static/chunks/node_modules_next_dist_1e8vcs8._.js:776
[ 1030245ms] [LOG] [Fast Refresh] done in 11ms @ http://localhost:3000/_next/static/chunks/node_modules_next_dist_1e8vcs8._.js:776
[ 1030309ms] [LOG] [Fast Refresh] done in 11ms @ http://localhost:3000/_next/static/chunks/node_modules_next_dist_1e8vcs8._.js:776
[ 1030372ms] [LOG] [Fast Refresh] done in 11ms @ http://localhost:3000/_next/static/chunks/node_modules_next_dist_1e8vcs8._.js:776
[ 1030435ms] [LOG] [Fast Refresh] done in 11ms @ http://localhost:3000/_next/static/chunks/node_modules_next_dist_1e8vcs8._.js:776
[ 1030499ms] [LOG] [Fast Refresh] done in 11ms @ http://localhost:3000/_next/static/chunks/node_modules_next_dist_1e8vcs8._.js:776
[ 1030562ms] [LOG] [Fast Refresh] done in 11ms @ http://localhost:3000/_next/static/chunks/node_modules_next_dist_1e8vcs8._.js:776
[ 1030626ms] [LOG] [Fast Refresh] done in 11ms @ http://localhost:3000/_next/static/chunks/node_modules_next_dist_1e8vcs8._.js:776
[ 1030726ms] [LOG] [Fast Refresh] rebuilding @ http://localhost:3000/_next/static/chunks/node_modules_next_dist_1e8vcs8._.js:776
[ 1030782ms] [LOG] [Fast Refresh] done in 11ms @ http://localhost:3000/_next/static/chunks/node_modules_next_dist_1e8vcs8._.js:776
[ 1030852ms] [LOG] [Fast Refresh] done in 11ms @ http://localhost:3000/_next/static/chunks/node_modules_next_dist_1e8vcs8._.js:776
[ 1030904ms] [LOG] [Fast Refresh] done in 11ms @ http://localhost:3000/_next/static/chunks/node_modules_next_dist_1e8vcs8._.js:776
[ 1030965ms] [LOG] [Fast Refresh] done in 11ms @ http://localhost:3000/_next/static/chunks/node_modules_next_dist_1e8vcs8._.js:776
[ 1031026ms] [LOG] [Fast Refresh] done in 11ms @ http://localhost:3000/_next/static/chunks/node_modules_next_dist_1e8vcs8._.js:776
[ 1031090ms] [LOG] [Fast Refresh] done in 11ms @ http://localhost:3000/_next/static/chunks/node_modules_next_dist_1e8vcs8._.js:776
[ 1031151ms] [LOG] [Fast Refresh] done in 11ms @ http://localhost:3000/_next/static/chunks/node_modules_next_dist_1e8vcs8._.js:776
[ 1031213ms] [LOG] [Fast Refresh] done in 11ms @ http://localhost:3000/_next/static/chunks/node_modules_next_dist_1e8vcs8._.js:776
[ 1031277ms] [LOG] [Fast Refresh] done in 11ms @ http://localhost:3000/_next/static/chunks/node_modules_next_dist_1e8vcs8._.js:776
[ 1031338ms] [LOG] [Fast Refresh] done in 11ms @ http://localhost:3000/_next/static/chunks/node_modules_next_dist_1e8vcs8._.js:776
[ 1031400ms] [LOG] [Fast Refresh] done in 11ms @ http://localhost:3000/_next/static/chunks/node_modules_next_dist_1e8vcs8._.js:776
[ 1031462ms] [LOG] [Fast Refresh] done in 11ms @ http://localhost:3000/_next/static/chunks/node_modules_next_dist_1e8vcs8._.js:776
[ 1031525ms] [LOG] [Fast Refresh] done in 11ms @ http://localhost:3000/_next/static/chunks/node_modules_next_dist_1e8vcs8._.js:776
[ 1031588ms] [LOG] [Fast Refresh] done in 11ms @ http://localhost:3000/_next/static/chunks/node_modules_next_dist_1e8vcs8._.js:776
[ 1031649ms] [LOG] [Fast Refresh] done in 11ms @ http://localhost:3000/_next/static/chunks/node_modules_next_dist_1e8vcs8._.js:776
[ 1031712ms] [LOG] [Fast Refresh] done in 11ms @ http://localhost:3000/_next/static/chunks/node_modules_next_dist_1e8vcs8._.js:776
[ 1031775ms] [LOG] [Fast Refresh] done in 11ms @ http://localhost:3000/_next/static/chunks/node_modules_next_dist_1e8vcs8._.js:776
[ 1031839ms] [LOG] [Fast Refresh] done in 11ms @ http://localhost:3000/_next/static/chunks/node_modules_next_dist_1e8vcs8._.js:776
[ 1031901ms] [LOG] [Fast Refresh] done in 11ms @ http://localhost:3000/_next/static/chunks/node_modules_next_dist_1e8vcs8._.js:776
[ 1031965ms] [LOG] [Fast Refresh] done in 11ms @ http://localhost:3000/_next/static/chunks/node_modules_next_dist_1e8vcs8._.js:776
[ 1032027ms] [LOG] [Fast Refresh] done in 11ms @ http://localhost:3000/_next/static/chunks/node_modules_next_dist_1e8vcs8._.js:776
[ 1032090ms] [LOG] [Fast Refresh] done in 11ms @ http://localhost:3000/_next/static/chunks/node_modules_next_dist_1e8vcs8._.js:776
[ 1032153ms] [LOG] [Fast Refresh] done in 11ms @ http://localhost:3000/_next/static/chunks/node_modules_next_dist_1e8vcs8._.js:776
[ 1032216ms] [LOG] [Fast Refresh] done in 11ms @ http://localhost:3000/_next/static/chunks/node_modules_next_dist_1e8vcs8._.js:776
[ 1032278ms] [LOG] [Fast Refresh] done in 11ms @ http://localhost:3000/_next/static/chunks/node_modules_next_dist_1e8vcs8._.js:776
[ 1032340ms] [LOG] [Fast Refresh] done in 11ms @ http://localhost:3000/_next/static/chunks/node_modules_next_dist_1e8vcs8._.js:776
[ 1032404ms] [LOG] [Fast Refresh] done in 11ms @ http://localhost:3000/_next/static/chunks/node_modules_next_dist_1e8vcs8._.js:776
[ 1032467ms] [LOG] [Fast Refresh] done in 11ms @ http://localhost:3000/_next/static/chunks/node_modules_next_dist_1e8vcs8._.js:776
[ 1032529ms] [LOG] [Fast Refresh] done in 11ms @ http://localhost:3000/_next/static/chunks/node_modules_next_dist_1e8vcs8._.js:776
[ 1032592ms] [LOG] [Fast Refresh] done in 11ms @ http://localhost:3000/_next/static/chunks/node_modules_next_dist_1e8vcs8._.js:776
[ 1032655ms] [LOG] [Fast Refresh] done in 11ms @ http://localhost:3000/_next/static/chunks/node_modules_next_dist_1e8vcs8._.js:776
[ 1032718ms] [LOG] [Fast Refresh] done in 11ms @ http://localhost:3000/_next/static/chunks/node_modules_next_dist_1e8vcs8._.js:776
[ 1032781ms] [LOG] [Fast Refresh] done in 11ms @ http://localhost:3000/_next/static/chunks/node_modules_next_dist_1e8vcs8._.js:776
[ 1032843ms] [LOG] [Fast Refresh] done in 11ms @ http://localhost:3000/_next/static/chunks/node_modules_next_dist_1e8vcs8._.js:776
[ 1032907ms] [LOG] [Fast Refresh] done in 11ms @ http://localhost:3000/_next/static/chunks/node_modules_next_dist_1e8vcs8._.js:776
[ 1032970ms] [LOG] [Fast Refresh] done in 11ms @ http://localhost:3000/_next/static/chunks/node_modules_next_dist_1e8vcs8._.js:776
[ 1033031ms] [LOG] [Fast Refresh] done in 11ms @ http://localhost:3000/_next/static/chunks/node_modules_next_dist_1e8vcs8._.js:776
[ 1033095ms] [LOG] [Fast Refresh] done in 11ms @ http://localhost:3000/_next/static/chunks/node_modules_next_dist_1e8vcs8._.js:776
[ 1033159ms] [LOG] [Fast Refresh] done in 11ms @ http://localhost:3000/_next/static/chunks/node_modules_next_dist_1e8vcs8._.js:776
[ 1033223ms] [LOG] [Fast Refresh] done in 11ms @ http://localhost:3000/_next/static/chunks/node_modules_next_dist_1e8vcs8._.js:776
[ 1033286ms] [LOG] [Fast Refresh] done in 11ms @ http://localhost:3000/_next/static/chunks/node_modules_next_dist_1e8vcs8._.js:776
[ 1033350ms] [LOG] [Fast Refresh] done in 11ms @ http://localhost:3000/_next/static/chunks/node_modules_next_dist_1e8vcs8._.js:776
[ 1033411ms] [LOG] [Fast Refresh] done in 11ms @ http://localhost:3000/_next/static/chunks/node_modules_next_dist_1e8vcs8._.js:776
[ 1033474ms] [LOG] [Fast Refresh] done in 11ms @ http://localhost:3000/_next/static/chunks/node_modules_next_dist_1e8vcs8._.js:776
[ 1033569ms] [LOG] [Fast Refresh] done in 11ms @ http://localhost:3000/_next/static/chunks/node_modules_next_dist_1e8vcs8._.js:776
[ 1033631ms] [LOG] [Fast Refresh] done in 11ms @ http://localhost:3000/_next/static/chunks/node_modules_next_dist_1e8vcs8._.js:776
[ 1033693ms] [LOG] [Fast Refresh] done in 11ms @ http://localhost:3000/_next/static/chunks/node_modules_next_dist_1e8vcs8._.js:776
[ 1033755ms] [LOG] [Fast Refresh] done in 11ms @ http://localhost:3000/_next/static/chunks/node_modules_next_dist_1e8vcs8._.js:776
[ 1033818ms] [LOG] [Fast Refresh] done in 11ms @ http://localhost:3000/_next/static/chunks/node_modules_next_dist_1e8vcs8._.js:776
[ 1033880ms] [LOG] [Fast Refresh] done in 11ms @ http://localhost:3000/_next/static/chunks/node_modules_next_dist_1e8vcs8._.js:776
[ 1033941ms] [LOG] [Fast Refresh] done in 11ms @ http://localhost:3000/_next/static/chunks/node_modules_next_dist_1e8vcs8._.js:776
[ 1034004ms] [LOG] [Fast Refresh] done in 11ms @ http://localhost:3000/_next/static/chunks/node_modules_next_dist_1e8vcs8._.js:776
[ 1034065ms] [LOG] [Fast Refresh] done in 11ms @ http://localhost:3000/_next/static/chunks/node_modules_next_dist_1e8vcs8._.js:776
[ 1034128ms] [LOG] [Fast Refresh] done in 11ms @ http://localhost:3000/_next/static/chunks/node_modules_next_dist_1e8vcs8._.js:776
[ 1034190ms] [LOG] [Fast Refresh] done in 11ms @ http://localhost:3000/_next/static/chunks/node_modules_next_dist_1e8vcs8._.js:776
[ 1034253ms] [LOG] [Fast Refresh] done in 11ms @ http://localhost:3000/_next/static/chunks/node_modules_next_dist_1e8vcs8._.js:776
[ 1034317ms] [LOG] [Fast Refresh] done in 11ms @ http://localhost:3000/_next/static/chunks/node_modules_next_dist_1e8vcs8._.js:776
[ 1034380ms] [LOG] [Fast Refresh] done in 11ms @ http://localhost:3000/_next/static/chunks/node_modules_next_dist_1e8vcs8._.js:776
[ 1034440ms] [LOG] [Fast Refresh] done in 11ms @ http://localhost:3000/_next/static/chunks/node_modules_next_dist_1e8vcs8._.js:776
[ 1034504ms] [LOG] [Fast Refresh] done in 11ms @ http://localhost:3000/_next/static/chunks/node_modules_next_dist_1e8vcs8._.js:776
[ 1034567ms] [LOG] [Fast Refresh] done in 11ms @ http://localhost:3000/_next/static/chunks/node_modules_next_dist_1e8vcs8._.js:776
[ 1034630ms] [LOG] [Fast Refresh] done in 11ms @ http://localhost:3000/_next/static/chunks/node_modules_next_dist_1e8vcs8._.js:776
[ 1034693ms] [LOG] [Fast Refresh] done in 11ms @ http://localhost:3000/_next/static/chunks/node_modules_next_dist_1e8vcs8._.js:776
[ 1034755ms] [LOG] [Fast Refresh] done in 11ms @ http://localhost:3000/_next/static/chunks/node_modules_next_dist_1e8vcs8._.js:776
[ 1034818ms] [LOG] [Fast Refresh] done in 11ms @ http://localhost:3000/_next/static/chunks/node_modules_next_dist_1e8vcs8._.js:776
[ 1034882ms] [LOG] [Fast Refresh] done in 11ms @ http://localhost:3000/_next/static/chunks/node_modules_next_dist_1e8vcs8._.js:776
[ 1034943ms] [LOG] [Fast Refresh] done in 11ms @ http://localhost:3000/_next/static/chunks/node_modules_next_dist_1e8vcs8._.js:776
[ 1035007ms] [LOG] [Fast Refresh] done in 11ms @ http://localhost:3000/_next/static/chunks/node_modules_next_dist_1e8vcs8._.js:776
[ 1035071ms] [LOG] [Fast Refresh] done in 11ms @ http://localhost:3000/_next/static/chunks/node_modules_next_dist_1e8vcs8._.js:776
[ 1035134ms] [LOG] [Fast Refresh] done in 11ms @ http://localhost:3000/_next/static/chunks/node_modules_next_dist_1e8vcs8._.js:776
[ 1035196ms] [LOG] [Fast Refresh] done in 11ms @ http://localhost:3000/_next/static/chunks/node_modules_next_dist_1e8vcs8._.js:776
[ 1035257ms] [LOG] [Fast Refresh] done in 11ms @ http://localhost:3000/_next/static/chunks/node_modules_next_dist_1e8vcs8._.js:776
[ 1035321ms] [LOG] [Fast Refresh] done in 11ms @ http://localhost:3000/_next/static/chunks/node_modules_next_dist_1e8vcs8._.js:776
[ 1035383ms] [LOG] [Fast Refresh] done in 11ms @ http://localhost:3000/_next/static/chunks/node_modules_next_dist_1e8vcs8._.js:776
[ 1035446ms] [LOG] [Fast Refresh] done in 11ms @ http://localhost:3000/_next/static/chunks/node_modules_next_dist_1e8vcs8._.js:776
[ 1035508ms] [LOG] [Fast Refresh] done in 11ms @ http://localhost:3000/_next/static/chunks/node_modules_next_dist_1e8vcs8._.js:776
[ 1035571ms] [LOG] [Fast Refresh] done in 11ms @ http://localhost:3000/_next/static/chunks/node_modules_next_dist_1e8vcs8._.js:776
[ 1035634ms] [LOG] [Fast Refresh] done in 11ms @ http://localhost:3000/_next/static/chunks/node_modules_next_dist_1e8vcs8._.js:776
[ 1035697ms] [LOG] [Fast Refresh] done in 11ms @ http://localhost:3000/_next/static/chunks/node_modules_next_dist_1e8vcs8._.js:776
[ 1035761ms] [LOG] [Fast Refresh] done in 11ms @ http://localhost:3000/_next/static/chunks/node_modules_next_dist_1e8vcs8._.js:776
[ 1035824ms] [LOG] [Fast Refresh] done in 11ms @ http://localhost:3000/_next/static/chunks/node_modules_next_dist_1e8vcs8._.js:776
[ 1035886ms] [LOG] [Fast Refresh] done in 11ms @ http://localhost:3000/_next/static/chunks/node_modules_next_dist_1e8vcs8._.js:776
[ 1035950ms] [LOG] [Fast Refresh] done in 11ms @ http://localhost:3000/_next/static/chunks/node_modules_next_dist_1e8vcs8._.js:776
[ 1036011ms] [LOG] [Fast Refresh] done in 11ms @ http://localhost:3000/_next/static/chunks/node_modules_next_dist_1e8vcs8._.js:776
[ 1036073ms] [LOG] [Fast Refresh] done in 11ms @ http://localhost:3000/_next/static/chunks/node_modules_next_dist_1e8vcs8._.js:776
[ 1036135ms] [LOG] [Fast Refresh] done in 11ms @ http://localhost:3000/_next/static/chunks/node_modules_next_dist_1e8vcs8._.js:776
[ 1036196ms] [LOG] [Fast Refresh] done in 11ms @ http://localhost:3000/_next/static/chunks/node_modules_next_dist_1e8vcs8._.js:776
[ 1036257ms] [LOG] [Fast Refresh] done in 11ms @ http://localhost:3000/_next/static/chunks/node_modules_next_dist_1e8vcs8._.js:776
[ 1036321ms] [LOG] [Fast Refresh] done in 11ms @ http://localhost:3000/_next/static/chunks/node_modules_next_dist_1e8vcs8._.js:776
[ 1036384ms] [LOG] [Fast Refresh] done in 11ms @ http://localhost:3000/_next/static/chunks/node_modules_next_dist_1e8vcs8._.js:776
[ 1036441ms] [LOG] [Fast Refresh] rebuilding @ http://localhost:3000/_next/static/chunks/node_modules_next_dist_1e8vcs8._.js:776
[ 1036551ms] [LOG] [Fast Refresh] done in 7ms @ http://localhost:3000/_next/static/chunks/node_modules_next_dist_1e8vcs8._.js:776
[ 1036617ms] [LOG] [Fast Refresh] done in 7ms @ http://localhost:3000/_next/static/chunks/node_modules_next_dist_1e8vcs8._.js:776
[ 1036681ms] [LOG] [Fast Refresh] done in 7ms @ http://localhost:3000/_next/static/chunks/node_modules_next_dist_1e8vcs8._.js:776
[ 1036744ms] [LOG] [Fast Refresh] done in 7ms @ http://localhost:3000/_next/static/chunks/node_modules_next_dist_1e8vcs8._.js:776
[ 1036807ms] [LOG] [Fast Refresh] done in 7ms @ http://localhost:3000/_next/static/chunks/node_modules_next_dist_1e8vcs8._.js:776
[ 1036871ms] [LOG] [Fast Refresh] done in 7ms @ http://localhost:3000/_next/static/chunks/node_modules_next_dist_1e8vcs8._.js:776
[ 1036933ms] [LOG] [Fast Refresh] done in 7ms @ http://localhost:3000/_next/static/chunks/node_modules_next_dist_1e8vcs8._.js:776
[ 1036994ms] [LOG] [Fast Refresh] done in 7ms @ http://localhost:3000/_next/static/chunks/node_modules_next_dist_1e8vcs8._.js:776
[ 1037057ms] [LOG] [Fast Refresh] done in 7ms @ http://localhost:3000/_next/static/chunks/node_modules_next_dist_1e8vcs8._.js:776
[ 1037121ms] [LOG] [Fast Refresh] done in 7ms @ http://localhost:3000/_next/static/chunks/node_modules_next_dist_1e8vcs8._.js:776
[ 1037183ms] [LOG] [Fast Refresh] done in 7ms @ http://localhost:3000/_next/static/chunks/node_modules_next_dist_1e8vcs8._.js:776
[ 1037247ms] [LOG] [Fast Refresh] done in 7ms @ http://localhost:3000/_next/static/chunks/node_modules_next_dist_1e8vcs8._.js:776
[ 1037309ms] [LOG] [Fast Refresh] done in 7ms @ http://localhost:3000/_next/static/chunks/node_modules_next_dist_1e8vcs8._.js:776
[ 1037372ms] [LOG] [Fast Refresh] done in 7ms @ http://localhost:3000/_next/static/chunks/node_modules_next_dist_1e8vcs8._.js:776
[ 1037435ms] [LOG] [Fast Refresh] done in 7ms @ http://localhost:3000/_next/static/chunks/node_modules_next_dist_1e8vcs8._.js:776
[ 1037496ms] [LOG] [Fast Refresh] done in 7ms @ http://localhost:3000/_next/static/chunks/node_modules_next_dist_1e8vcs8._.js:776
[ 1037560ms] [LOG] [Fast Refresh] done in 7ms @ http://localhost:3000/_next/static/chunks/node_modules_next_dist_1e8vcs8._.js:776
[ 1037621ms] [LOG] [Fast Refresh] done in 7ms @ http://localhost:3000/_next/static/chunks/node_modules_next_dist_1e8vcs8._.js:776
[ 1037684ms] [LOG] [Fast Refresh] done in 7ms @ http://localhost:3000/_next/static/chunks/node_modules_next_dist_1e8vcs8._.js:776
[ 1037748ms] [LOG] [Fast Refresh] done in 7ms @ http://localhost:3000/_next/static/chunks/node_modules_next_dist_1e8vcs8._.js:776
[ 1037810ms] [LOG] [Fast Refresh] done in 7ms @ http://localhost:3000/_next/static/chunks/node_modules_next_dist_1e8vcs8._.js:776
[ 1037873ms] [LOG] [Fast Refresh] done in 7ms @ http://localhost:3000/_next/static/chunks/node_modules_next_dist_1e8vcs8._.js:776
[ 1037937ms] [LOG] [Fast Refresh] done in 7ms @ http://localhost:3000/_next/static/chunks/node_modules_next_dist_1e8vcs8._.js:776
[ 1038000ms] [LOG] [Fast Refresh] done in 7ms @ http://localhost:3000/_next/static/chunks/node_modules_next_dist_1e8vcs8._.js:776
[ 1038063ms] [LOG] [Fast Refresh] done in 7ms @ http://localhost:3000/_next/static/chunks/node_modules_next_dist_1e8vcs8._.js:776
[ 1038125ms] [LOG] [Fast Refresh] done in 7ms @ http://localhost:3000/_next/static/chunks/node_modules_next_dist_1e8vcs8._.js:776
[ 1038188ms] [LOG] [Fast Refresh] done in 7ms @ http://localhost:3000/_next/static/chunks/node_modules_next_dist_1e8vcs8._.js:776
[ 1038250ms] [LOG] [Fast Refresh] done in 7ms @ http://localhost:3000/_next/static/chunks/node_modules_next_dist_1e8vcs8._.js:776
[ 1038313ms] [LOG] [Fast Refresh] done in 7ms @ http://localhost:3000/_next/static/chunks/node_modules_next_dist_1e8vcs8._.js:776
[ 1038375ms] [LOG] [Fast Refresh] done in 7ms @ http://localhost:3000/_next/static/chunks/node_modules_next_dist_1e8vcs8._.js:776
[ 1038438ms] [LOG] [Fast Refresh] done in 7ms @ http://localhost:3000/_next/static/chunks/node_modules_next_dist_1e8vcs8._.js:776
[ 1038497ms] [LOG] [Fast Refresh] done in 7ms @ http://localhost:3000/_next/static/chunks/node_modules_next_dist_1e8vcs8._.js:776
[ 1038560ms] [LOG] [Fast Refresh] done in 7ms @ http://localhost:3000/_next/static/chunks/node_modules_next_dist_1e8vcs8._.js:776
[ 1038621ms] [LOG] [Fast Refresh] done in 7ms @ http://localhost:3000/_next/static/chunks/node_modules_next_dist_1e8vcs8._.js:776
[ 1038683ms] [LOG] [Fast Refresh] done in 7ms @ http://localhost:3000/_next/static/chunks/node_modules_next_dist_1e8vcs8._.js:776
[ 1038746ms] [LOG] [Fast Refresh] done in 7ms @ http://localhost:3000/_next/static/chunks/node_modules_next_dist_1e8vcs8._.js:776
[ 1038809ms] [LOG] [Fast Refresh] done in 7ms @ http://localhost:3000/_next/static/chunks/node_modules_next_dist_1e8vcs8._.js:776
[ 1038870ms] [LOG] [Fast Refresh] done in 7ms @ http://localhost:3000/_next/static/chunks/node_modules_next_dist_1e8vcs8._.js:776
[ 1038934ms] [LOG] [Fast Refresh] done in 7ms @ http://localhost:3000/_next/static/chunks/node_modules_next_dist_1e8vcs8._.js:776
[ 1038997ms] [LOG] [Fast Refresh] done in 7ms @ http://localhost:3000/_next/static/chunks/node_modules_next_dist_1e8vcs8._.js:776
[ 1039060ms] [LOG] [Fast Refresh] done in 7ms @ http://localhost:3000/_next/static/chunks/node_modules_next_dist_1e8vcs8._.js:776
[ 1039123ms] [LOG] [Fast Refresh] done in 7ms @ http://localhost:3000/_next/static/chunks/node_modules_next_dist_1e8vcs8._.js:776
[ 1039185ms] [LOG] [Fast Refresh] done in 7ms @ http://localhost:3000/_next/static/chunks/node_modules_next_dist_1e8vcs8._.js:776
[ 1039249ms] [LOG] [Fast Refresh] done in 7ms @ http://localhost:3000/_next/static/chunks/node_modules_next_dist_1e8vcs8._.js:776
[ 1039311ms] [LOG] [Fast Refresh] done in 7ms @ http://localhost:3000/_next/static/chunks/node_modules_next_dist_1e8vcs8._.js:776
[ 1039375ms] [LOG] [Fast Refresh] done in 7ms @ http://localhost:3000/_next/static/chunks/node_modules_next_dist_1e8vcs8._.js:776
[ 1039438ms] [LOG] [Fast Refresh] done in 7ms @ http://localhost:3000/_next/static/chunks/node_modules_next_dist_1e8vcs8._.js:776
[ 1039500ms] [LOG] [Fast Refresh] done in 7ms @ http://localhost:3000/_next/static/chunks/node_modules_next_dist_1e8vcs8._.js:776
[ 1039562ms] [LOG] [Fast Refresh] done in 7ms @ http://localhost:3000/_next/static/chunks/node_modules_next_dist_1e8vcs8._.js:776
[ 1039623ms] [LOG] [Fast Refresh] done in 7ms @ http://localhost:3000/_next/static/chunks/node_modules_next_dist_1e8vcs8._.js:776
[ 1039686ms] [LOG] [Fast Refresh] done in 7ms @ http://localhost:3000/_next/static/chunks/node_modules_next_dist_1e8vcs8._.js:776
[ 1039749ms] [LOG] [Fast Refresh] done in 7ms @ http://localhost:3000/_next/static/chunks/node_modules_next_dist_1e8vcs8._.js:776
[ 1039812ms] [LOG] [Fast Refresh] done in 7ms @ http://localhost:3000/_next/static/chunks/node_modules_next_dist_1e8vcs8._.js:776
[ 1039875ms] [LOG] [Fast Refresh] done in 7ms @ http://localhost:3000/_next/static/chunks/node_modules_next_dist_1e8vcs8._.js:776
[ 1039936ms] [LOG] [Fast Refresh] done in 7ms @ http://localhost:3000/_next/static/chunks/node_modules_next_dist_1e8vcs8._.js:776
[ 1039998ms] [LOG] [Fast Refresh] done in 7ms @ http://localhost:3000/_next/static/chunks/node_modules_next_dist_1e8vcs8._.js:776
[ 1040062ms] [LOG] [Fast Refresh] done in 7ms @ http://localhost:3000/_next/static/chunks/node_modules_next_dist_1e8vcs8._.js:776
[ 1040125ms] [LOG] [Fast Refresh] done in 7ms @ http://localhost:3000/_next/static/chunks/node_modules_next_dist_1e8vcs8._.js:776
[ 1040184ms] [LOG] [Fast Refresh] done in 7ms @ http://localhost:3000/_next/static/chunks/node_modules_next_dist_1e8vcs8._.js:776
[ 1040250ms] [LOG] [Fast Refresh] done in 7ms @ http://localhost:3000/_next/static/chunks/node_modules_next_dist_1e8vcs8._.js:776
[ 1040312ms] [LOG] [Fast Refresh] done in 7ms @ http://localhost:3000/_next/static/chunks/node_modules_next_dist_1e8vcs8._.js:776
[ 1040375ms] [LOG] [Fast Refresh] done in 7ms @ http://localhost:3000/_next/static/chunks/node_modules_next_dist_1e8vcs8._.js:776
[ 1040437ms] [LOG] [Fast Refresh] done in 7ms @ http://localhost:3000/_next/static/chunks/node_modules_next_dist_1e8vcs8._.js:776
[ 1040500ms] [LOG] [Fast Refresh] done in 7ms @ http://localhost:3000/_next/static/chunks/node_modules_next_dist_1e8vcs8._.js:776
[ 1040562ms] [LOG] [Fast Refresh] done in 7ms @ http://localhost:3000/_next/static/chunks/node_modules_next_dist_1e8vcs8._.js:776
[ 1040625ms] [LOG] [Fast Refresh] done in 7ms @ http://localhost:3000/_next/static/chunks/node_modules_next_dist_1e8vcs8._.js:776
[ 1040686ms] [LOG] [Fast Refresh] done in 7ms @ http://localhost:3000/_next/static/chunks/node_modules_next_dist_1e8vcs8._.js:776
[ 1040748ms] [LOG] [Fast Refresh] done in 7ms @ http://localhost:3000/_next/static/chunks/node_modules_next_dist_1e8vcs8._.js:776
[ 1040811ms] [LOG] [Fast Refresh] done in 7ms @ http://localhost:3000/_next/static/chunks/node_modules_next_dist_1e8vcs8._.js:776
[ 1040874ms] [LOG] [Fast Refresh] done in 7ms @ http://localhost:3000/_next/static/chunks/node_modules_next_dist_1e8vcs8._.js:776
[ 1040936ms] [LOG] [Fast Refresh] done in 7ms @ http://localhost:3000/_next/static/chunks/node_modules_next_dist_1e8vcs8._.js:776
[ 1040997ms] [LOG] [Fast Refresh] done in 7ms @ http://localhost:3000/_next/static/chunks/node_modules_next_dist_1e8vcs8._.js:776
[ 1041060ms] [LOG] [Fast Refresh] done in 7ms @ http://localhost:3000/_next/static/chunks/node_modules_next_dist_1e8vcs8._.js:776
[ 1041123ms] [LOG] [Fast Refresh] done in 7ms @ http://localhost:3000/_next/static/chunks/node_modules_next_dist_1e8vcs8._.js:776
[ 1041187ms] [LOG] [Fast Refresh] done in 7ms @ http://localhost:3000/_next/static/chunks/node_modules_next_dist_1e8vcs8._.js:776
[ 1041247ms] [LOG] [Fast Refresh] done in 7ms @ http://localhost:3000/_next/static/chunks/node_modules_next_dist_1e8vcs8._.js:776
[ 1041310ms] [LOG] [Fast Refresh] done in 7ms @ http://localhost:3000/_next/static/chunks/node_modules_next_dist_1e8vcs8._.js:776
[ 1041373ms] [LOG] [Fast Refresh] done in 7ms @ http://localhost:3000/_next/static/chunks/node_modules_next_dist_1e8vcs8._.js:776
[ 1041436ms] [LOG] [Fast Refresh] done in 7ms @ http://localhost:3000/_next/static/chunks/node_modules_next_dist_1e8vcs8._.js:776
[ 1041498ms] [LOG] [Fast Refresh] done in 7ms @ http://localhost:3000/_next/static/chunks/node_modules_next_dist_1e8vcs8._.js:776
[ 1041561ms] [LOG] [Fast Refresh] done in 7ms @ http://localhost:3000/_next/static/chunks/node_modules_next_dist_1e8vcs8._.js:776
[ 1041622ms] [LOG] [Fast Refresh] done in 7ms @ http://localhost:3000/_next/static/chunks/node_modules_next_dist_1e8vcs8._.js:776
[ 1041684ms] [LOG] [Fast Refresh] done in 7ms @ http://localhost:3000/_next/static/chunks/node_modules_next_dist_1e8vcs8._.js:776
[ 1041748ms] [LOG] [Fast Refresh] done in 7ms @ http://localhost:3000/_next/static/chunks/node_modules_next_dist_1e8vcs8._.js:776
[ 1041812ms] [LOG] [Fast Refresh] done in 7ms @ http://localhost:3000/_next/static/chunks/node_modules_next_dist_1e8vcs8._.js:776
[ 1041872ms] [LOG] [Fast Refresh] done in 7ms @ http://localhost:3000/_next/static/chunks/node_modules_next_dist_1e8vcs8._.js:776
[ 1041935ms] [LOG] [Fast Refresh] done in 7ms @ http://localhost:3000/_next/static/chunks/node_modules_next_dist_1e8vcs8._.js:776
[ 1041996ms] [LOG] [Fast Refresh] done in 7ms @ http://localhost:3000/_next/static/chunks/node_modules_next_dist_1e8vcs8._.js:776
[ 1042058ms] [LOG] [Fast Refresh] done in 7ms @ http://localhost:3000/_next/static/chunks/node_modules_next_dist_1e8vcs8._.js:776
[ 1042122ms] [LOG] [Fast Refresh] done in 7ms @ http://localhost:3000/_next/static/chunks/node_modules_next_dist_1e8vcs8._.js:776
[ 1042187ms] [LOG] [Fast Refresh] done in 7ms @ http://localhost:3000/_next/static/chunks/node_modules_next_dist_1e8vcs8._.js:776
[ 1042250ms] [LOG] [Fast Refresh] done in 7ms @ http://localhost:3000/_next/static/chunks/node_modules_next_dist_1e8vcs8._.js:776
[ 1042312ms] [LOG] [Fast Refresh] done in 7ms @ http://localhost:3000/_next/static/chunks/node_modules_next_dist_1e8vcs8._.js:776
[ 1042375ms] [LOG] [Fast Refresh] done in 7ms @ http://localhost:3000/_next/static/chunks/node_modules_next_dist_1e8vcs8._.js:776
[ 1042436ms] [LOG] [Fast Refresh] done in 7ms @ http://localhost:3000/_next/static/chunks/node_modules_next_dist_1e8vcs8._.js:776
[ 1042498ms] [LOG] [Fast Refresh] done in 7ms @ http://localhost:3000/_next/static/chunks/node_modules_next_dist_1e8vcs8._.js:776
[ 1042561ms] [LOG] [Fast Refresh] done in 7ms @ http://localhost:3000/_next/static/chunks/node_modules_next_dist_1e8vcs8._.js:776
[ 1042623ms] [LOG] [Fast Refresh] done in 7ms @ http://localhost:3000/_next/static/chunks/node_modules_next_dist_1e8vcs8._.js:776
[ 1042686ms] [LOG] [Fast Refresh] done in 7ms @ http://localhost:3000/_next/static/chunks/node_modules_next_dist_1e8vcs8._.js:776
[ 1042747ms] [LOG] [Fast Refresh] done in 7ms @ http://localhost:3000/_next/static/chunks/node_modules_next_dist_1e8vcs8._.js:776
[ 1042811ms] [LOG] [Fast Refresh] done in 7ms @ http://localhost:3000/_next/static/chunks/node_modules_next_dist_1e8vcs8._.js:776
[ 1042873ms] [LOG] [Fast Refresh] done in 7ms @ http://localhost:3000/_next/static/chunks/node_modules_next_dist_1e8vcs8._.js:776
[ 1042936ms] [LOG] [Fast Refresh] done in 7ms @ http://localhost:3000/_next/static/chunks/node_modules_next_dist_1e8vcs8._.js:776
[ 1043000ms] [LOG] [Fast Refresh] done in 7ms @ http://localhost:3000/_next/static/chunks/node_modules_next_dist_1e8vcs8._.js:776
[ 1043064ms] [LOG] [Fast Refresh] done in 7ms @ http://localhost:3000/_next/static/chunks/node_modules_next_dist_1e8vcs8._.js:776
[ 1043183ms] [LOG] [Fast Refresh] rebuilding @ http://localhost:3000/_next/static/chunks/node_modules_next_dist_1e8vcs8._.js:776
[ 1043304ms] [LOG] [Fast Refresh] done in 7ms @ http://localhost:3000/_next/static/chunks/node_modules_next_dist_1e8vcs8._.js:776
[ 1043399ms] [LOG] [Fast Refresh] done in 7ms @ http://localhost:3000/_next/static/chunks/node_modules_next_dist_1e8vcs8._.js:776
[ 1043454ms] [LOG] [Fast Refresh] done in 7ms @ http://localhost:3000/_next/static/chunks/node_modules_next_dist_1e8vcs8._.js:776
[ 1043515ms] [LOG] [Fast Refresh] done in 7ms @ http://localhost:3000/_next/static/chunks/node_modules_next_dist_1e8vcs8._.js:776
[ 1043576ms] [LOG] [Fast Refresh] done in 7ms @ http://localhost:3000/_next/static/chunks/node_modules_next_dist_1e8vcs8._.js:776
[ 1043640ms] [LOG] [Fast Refresh] done in 7ms @ http://localhost:3000/_next/static/chunks/node_modules_next_dist_1e8vcs8._.js:776
[ 1043704ms] [LOG] [Fast Refresh] done in 7ms @ http://localhost:3000/_next/static/chunks/node_modules_next_dist_1e8vcs8._.js:776
[ 1043768ms] [LOG] [Fast Refresh] done in 7ms @ http://localhost:3000/_next/static/chunks/node_modules_next_dist_1e8vcs8._.js:776
[ 1043831ms] [LOG] [Fast Refresh] done in 7ms @ http://localhost:3000/_next/static/chunks/node_modules_next_dist_1e8vcs8._.js:776
[ 1043893ms] [LOG] [Fast Refresh] done in 7ms @ http://localhost:3000/_next/static/chunks/node_modules_next_dist_1e8vcs8._.js:776
[ 1043955ms] [LOG] [Fast Refresh] done in 7ms @ http://localhost:3000/_next/static/chunks/node_modules_next_dist_1e8vcs8._.js:776
[ 1044018ms] [LOG] [Fast Refresh] done in 7ms @ http://localhost:3000/_next/static/chunks/node_modules_next_dist_1e8vcs8._.js:776
[ 1044081ms] [LOG] [Fast Refresh] done in 7ms @ http://localhost:3000/_next/static/chunks/node_modules_next_dist_1e8vcs8._.js:776
[ 1044144ms] [LOG] [Fast Refresh] done in 7ms @ http://localhost:3000/_next/static/chunks/node_modules_next_dist_1e8vcs8._.js:776
[ 1044208ms] [LOG] [Fast Refresh] done in 7ms @ http://localhost:3000/_next/static/chunks/node_modules_next_dist_1e8vcs8._.js:776
[ 1044271ms] [LOG] [Fast Refresh] done in 7ms @ http://localhost:3000/_next/static/chunks/node_modules_next_dist_1e8vcs8._.js:776
[ 1044333ms] [LOG] [Fast Refresh] done in 7ms @ http://localhost:3000/_next/static/chunks/node_modules_next_dist_1e8vcs8._.js:776
[ 1044395ms] [LOG] [Fast Refresh] done in 7ms @ http://localhost:3000/_next/static/chunks/node_modules_next_dist_1e8vcs8._.js:776
[ 1044458ms] [LOG] [Fast Refresh] done in 7ms @ http://localhost:3000/_next/static/chunks/node_modules_next_dist_1e8vcs8._.js:776
[ 1044520ms] [LOG] [Fast Refresh] done in 7ms @ http://localhost:3000/_next/static/chunks/node_modules_next_dist_1e8vcs8._.js:776
[ 1044581ms] [LOG] [Fast Refresh] done in 7ms @ http://localhost:3000/_next/static/chunks/node_modules_next_dist_1e8vcs8._.js:776
[ 1044641ms] [LOG] [Fast Refresh] done in 7ms @ http://localhost:3000/_next/static/chunks/node_modules_next_dist_1e8vcs8._.js:776
[ 1044705ms] [LOG] [Fast Refresh] done in 7ms @ http://localhost:3000/_next/static/chunks/node_modules_next_dist_1e8vcs8._.js:776
[ 1044768ms] [LOG] [Fast Refresh] done in 7ms @ http://localhost:3000/_next/static/chunks/node_modules_next_dist_1e8vcs8._.js:776
[ 1044830ms] [LOG] [Fast Refresh] done in 7ms @ http://localhost:3000/_next/static/chunks/node_modules_next_dist_1e8vcs8._.js:776
[ 1044891ms] [LOG] [Fast Refresh] done in 7ms @ http://localhost:3000/_next/static/chunks/node_modules_next_dist_1e8vcs8._.js:776
[ 1044958ms] [LOG] [Fast Refresh] done in 7ms @ http://localhost:3000/_next/static/chunks/node_modules_next_dist_1e8vcs8._.js:776
[ 1045020ms] [LOG] [Fast Refresh] done in 7ms @ http://localhost:3000/_next/static/chunks/node_modules_next_dist_1e8vcs8._.js:776
[ 1045081ms] [LOG] [Fast Refresh] done in 7ms @ http://localhost:3000/_next/static/chunks/node_modules_next_dist_1e8vcs8._.js:776
[ 1045146ms] [LOG] [Fast Refresh] done in 7ms @ http://localhost:3000/_next/static/chunks/node_modules_next_dist_1e8vcs8._.js:776
[ 1045247ms] [LOG] [Fast Refresh] rebuilding @ http://localhost:3000/_next/static/chunks/node_modules_next_dist_1e8vcs8._.js:776
[ 1045382ms] [LOG] [Fast Refresh] done in 9ms @ http://localhost:3000/_next/static/chunks/node_modules_next_dist_1e8vcs8._.js:776
[ 1045441ms] [LOG] [Fast Refresh] done in 9ms @ http://localhost:3000/_next/static/chunks/node_modules_next_dist_1e8vcs8._.js:776
[ 1045502ms] [LOG] [Fast Refresh] done in 9ms @ http://localhost:3000/_next/static/chunks/node_modules_next_dist_1e8vcs8._.js:776
[ 1045564ms] [LOG] [Fast Refresh] done in 9ms @ http://localhost:3000/_next/static/chunks/node_modules_next_dist_1e8vcs8._.js:776
[ 1045628ms] [LOG] [Fast Refresh] done in 9ms @ http://localhost:3000/_next/static/chunks/node_modules_next_dist_1e8vcs8._.js:776
[ 1045690ms] [LOG] [Fast Refresh] done in 9ms @ http://localhost:3000/_next/static/chunks/node_modules_next_dist_1e8vcs8._.js:776
[ 1045754ms] [LOG] [Fast Refresh] done in 9ms @ http://localhost:3000/_next/static/chunks/node_modules_next_dist_1e8vcs8._.js:776
[ 1045816ms] [LOG] [Fast Refresh] done in 9ms @ http://localhost:3000/_next/static/chunks/node_modules_next_dist_1e8vcs8._.js:776
[ 1045877ms] [LOG] [Fast Refresh] done in 9ms @ http://localhost:3000/_next/static/chunks/node_modules_next_dist_1e8vcs8._.js:776
[ 1045939ms] [LOG] [Fast Refresh] done in 9ms @ http://localhost:3000/_next/static/chunks/node_modules_next_dist_1e8vcs8._.js:776
[ 1046001ms] [LOG] [Fast Refresh] done in 9ms @ http://localhost:3000/_next/static/chunks/node_modules_next_dist_1e8vcs8._.js:776
[ 1046063ms] [LOG] [Fast Refresh] done in 9ms @ http://localhost:3000/_next/static/chunks/node_modules_next_dist_1e8vcs8._.js:776
[ 1046126ms] [LOG] [Fast Refresh] done in 9ms @ http://localhost:3000/_next/static/chunks/node_modules_next_dist_1e8vcs8._.js:776
[ 1046188ms] [LOG] [Fast Refresh] done in 9ms @ http://localhost:3000/_next/static/chunks/node_modules_next_dist_1e8vcs8._.js:776
[ 1046250ms] [LOG] [Fast Refresh] done in 9ms @ http://localhost:3000/_next/static/chunks/node_modules_next_dist_1e8vcs8._.js:776
[ 1046312ms] [LOG] [Fast Refresh] done in 9ms @ http://localhost:3000/_next/static/chunks/node_modules_next_dist_1e8vcs8._.js:776
[ 1046374ms] [LOG] [Fast Refresh] done in 9ms @ http://localhost:3000/_next/static/chunks/node_modules_next_dist_1e8vcs8._.js:776
[ 1046437ms] [LOG] [Fast Refresh] done in 9ms @ http://localhost:3000/_next/static/chunks/node_modules_next_dist_1e8vcs8._.js:776
[ 1046501ms] [LOG] [Fast Refresh] done in 9ms @ http://localhost:3000/_next/static/chunks/node_modules_next_dist_1e8vcs8._.js:776
[ 1046563ms] [LOG] [Fast Refresh] done in 9ms @ http://localhost:3000/_next/static/chunks/node_modules_next_dist_1e8vcs8._.js:776
[ 1046626ms] [LOG] [Fast Refresh] done in 9ms @ http://localhost:3000/_next/static/chunks/node_modules_next_dist_1e8vcs8._.js:776
[ 1046688ms] [LOG] [Fast Refresh] done in 9ms @ http://localhost:3000/_next/static/chunks/node_modules_next_dist_1e8vcs8._.js:776
[ 1046750ms] [LOG] [Fast Refresh] done in 9ms @ http://localhost:3000/_next/static/chunks/node_modules_next_dist_1e8vcs8._.js:776
[ 1046813ms] [LOG] [Fast Refresh] done in 9ms @ http://localhost:3000/_next/static/chunks/node_modules_next_dist_1e8vcs8._.js:776
[ 1046878ms] [LOG] [Fast Refresh] done in 9ms @ http://localhost:3000/_next/static/chunks/node_modules_next_dist_1e8vcs8._.js:776
[ 1046942ms] [LOG] [Fast Refresh] done in 9ms @ http://localhost:3000/_next/static/chunks/node_modules_next_dist_1e8vcs8._.js:776
[ 1047003ms] [LOG] [Fast Refresh] done in 9ms @ http://localhost:3000/_next/static/chunks/node_modules_next_dist_1e8vcs8._.js:776
[ 1047065ms] [LOG] [Fast Refresh] done in 9ms @ http://localhost:3000/_next/static/chunks/node_modules_next_dist_1e8vcs8._.js:776
[ 1047128ms] [LOG] [Fast Refresh] done in 9ms @ http://localhost:3000/_next/static/chunks/node_modules_next_dist_1e8vcs8._.js:776
[ 1047194ms] [LOG] [Fast Refresh] done in 9ms @ http://localhost:3000/_next/static/chunks/node_modules_next_dist_1e8vcs8._.js:776
[ 1047252ms] [LOG] [Fast Refresh] done in 9ms @ http://localhost:3000/_next/static/chunks/node_modules_next_dist_1e8vcs8._.js:776
[ 1047315ms] [LOG] [Fast Refresh] done in 9ms @ http://localhost:3000/_next/static/chunks/node_modules_next_dist_1e8vcs8._.js:776
[ 1047378ms] [LOG] [Fast Refresh] done in 9ms @ http://localhost:3000/_next/static/chunks/node_modules_next_dist_1e8vcs8._.js:776
[ 1047443ms] [LOG] [Fast Refresh] done in 9ms @ http://localhost:3000/_next/static/chunks/node_modules_next_dist_1e8vcs8._.js:776
[ 1047506ms] [LOG] [Fast Refresh] done in 9ms @ http://localhost:3000/_next/static/chunks/node_modules_next_dist_1e8vcs8._.js:776
[ 1047568ms] [LOG] [Fast Refresh] done in 9ms @ http://localhost:3000/_next/static/chunks/node_modules_next_dist_1e8vcs8._.js:776
[ 1047631ms] [LOG] [Fast Refresh] done in 9ms @ http://localhost:3000/_next/static/chunks/node_modules_next_dist_1e8vcs8._.js:776
[ 1047693ms] [LOG] [Fast Refresh] done in 9ms @ http://localhost:3000/_next/static/chunks/node_modules_next_dist_1e8vcs8._.js:776
[ 1047756ms] [LOG] [Fast Refresh] done in 9ms @ http://localhost:3000/_next/static/chunks/node_modules_next_dist_1e8vcs8._.js:776
[ 1047821ms] [LOG] [Fast Refresh] done in 9ms @ http://localhost:3000/_next/static/chunks/node_modules_next_dist_1e8vcs8._.js:776
[ 1047883ms] [LOG] [Fast Refresh] done in 9ms @ http://localhost:3000/_next/static/chunks/node_modules_next_dist_1e8vcs8._.js:776
[ 1047945ms] [LOG] [Fast Refresh] done in 9ms @ http://localhost:3000/_next/static/chunks/node_modules_next_dist_1e8vcs8._.js:776
[ 1048010ms] [LOG] [Fast Refresh] done in 9ms @ http://localhost:3000/_next/static/chunks/node_modules_next_dist_1e8vcs8._.js:776
[ 1048072ms] [LOG] [Fast Refresh] done in 9ms @ http://localhost:3000/_next/static/chunks/node_modules_next_dist_1e8vcs8._.js:776
[ 1048135ms] [LOG] [Fast Refresh] done in 9ms @ http://localhost:3000/_next/static/chunks/node_modules_next_dist_1e8vcs8._.js:776
[ 1048196ms] [LOG] [Fast Refresh] done in 9ms @ http://localhost:3000/_next/static/chunks/node_modules_next_dist_1e8vcs8._.js:776
[ 1048281ms] [LOG] [Fast Refresh] done in 9ms @ http://localhost:3000/_next/static/chunks/node_modules_next_dist_1e8vcs8._.js:776
[ 1048368ms] [LOG] [Fast Refresh] done in 9ms @ http://localhost:3000/_next/static/chunks/node_modules_next_dist_1e8vcs8._.js:776
[ 1048430ms] [LOG] [Fast Refresh] done in 9ms @ http://localhost:3000/_next/static/chunks/node_modules_next_dist_1e8vcs8._.js:776
[ 1048492ms] [LOG] [Fast Refresh] done in 9ms @ http://localhost:3000/_next/static/chunks/node_modules_next_dist_1e8vcs8._.js:776
[ 1048552ms] [LOG] [Fast Refresh] done in 9ms @ http://localhost:3000/_next/static/chunks/node_modules_next_dist_1e8vcs8._.js:776
[ 1048617ms] [LOG] [Fast Refresh] done in 9ms @ http://localhost:3000/_next/static/chunks/node_modules_next_dist_1e8vcs8._.js:776
[ 1048678ms] [LOG] [Fast Refresh] done in 9ms @ http://localhost:3000/_next/static/chunks/node_modules_next_dist_1e8vcs8._.js:776
[ 1048738ms] [LOG] [Fast Refresh] done in 9ms @ http://localhost:3000/_next/static/chunks/node_modules_next_dist_1e8vcs8._.js:776
[ 1048799ms] [LOG] [Fast Refresh] done in 9ms @ http://localhost:3000/_next/static/chunks/node_modules_next_dist_1e8vcs8._.js:776
[ 1048862ms] [LOG] [Fast Refresh] done in 9ms @ http://localhost:3000/_next/static/chunks/node_modules_next_dist_1e8vcs8._.js:776
[ 1048926ms] [LOG] [Fast Refresh] done in 9ms @ http://localhost:3000/_next/static/chunks/node_modules_next_dist_1e8vcs8._.js:776
[ 1048988ms] [LOG] [Fast Refresh] done in 9ms @ http://localhost:3000/_next/static/chunks/node_modules_next_dist_1e8vcs8._.js:776
[ 1049053ms] [LOG] [Fast Refresh] done in 9ms @ http://localhost:3000/_next/static/chunks/node_modules_next_dist_1e8vcs8._.js:776
[ 1049114ms] [LOG] [Fast Refresh] done in 9ms @ http://localhost:3000/_next/static/chunks/node_modules_next_dist_1e8vcs8._.js:776
[ 1049177ms] [LOG] [Fast Refresh] done in 9ms @ http://localhost:3000/_next/static/chunks/node_modules_next_dist_1e8vcs8._.js:776
[ 1049240ms] [LOG] [Fast Refresh] done in 9ms @ http://localhost:3000/_next/static/chunks/node_modules_next_dist_1e8vcs8._.js:776
[ 1049303ms] [LOG] [Fast Refresh] done in 9ms @ http://localhost:3000/_next/static/chunks/node_modules_next_dist_1e8vcs8._.js:776
[ 1049366ms] [LOG] [Fast Refresh] done in 9ms @ http://localhost:3000/_next/static/chunks/node_modules_next_dist_1e8vcs8._.js:776
[ 1049429ms] [LOG] [Fast Refresh] done in 9ms @ http://localhost:3000/_next/static/chunks/node_modules_next_dist_1e8vcs8._.js:776
[ 1049492ms] [LOG] [Fast Refresh] done in 9ms @ http://localhost:3000/_next/static/chunks/node_modules_next_dist_1e8vcs8._.js:776
[ 1049555ms] [LOG] [Fast Refresh] done in 9ms @ http://localhost:3000/_next/static/chunks/node_modules_next_dist_1e8vcs8._.js:776
[ 1049616ms] [LOG] [Fast Refresh] done in 9ms @ http://localhost:3000/_next/static/chunks/node_modules_next_dist_1e8vcs8._.js:776
[ 1049680ms] [LOG] [Fast Refresh] done in 9ms @ http://localhost:3000/_next/static/chunks/node_modules_next_dist_1e8vcs8._.js:776
[ 1049745ms] [LOG] [Fast Refresh] done in 9ms @ http://localhost:3000/_next/static/chunks/node_modules_next_dist_1e8vcs8._.js:776
[ 1049808ms] [LOG] [Fast Refresh] done in 9ms @ http://localhost:3000/_next/static/chunks/node_modules_next_dist_1e8vcs8._.js:776
[ 1049870ms] [LOG] [Fast Refresh] done in 9ms @ http://localhost:3000/_next/static/chunks/node_modules_next_dist_1e8vcs8._.js:776
[ 1049933ms] [LOG] [Fast Refresh] done in 9ms @ http://localhost:3000/_next/static/chunks/node_modules_next_dist_1e8vcs8._.js:776
[ 1049999ms] [LOG] [Fast Refresh] done in 9ms @ http://localhost:3000/_next/static/chunks/node_modules_next_dist_1e8vcs8._.js:776
[ 1050059ms] [LOG] [Fast Refresh] done in 9ms @ http://localhost:3000/_next/static/chunks/node_modules_next_dist_1e8vcs8._.js:776
[ 1050121ms] [LOG] [Fast Refresh] done in 9ms @ http://localhost:3000/_next/static/chunks/node_modules_next_dist_1e8vcs8._.js:776
[ 1050184ms] [LOG] [Fast Refresh] done in 9ms @ http://localhost:3000/_next/static/chunks/node_modules_next_dist_1e8vcs8._.js:776
[ 1050246ms] [LOG] [Fast Refresh] done in 9ms @ http://localhost:3000/_next/static/chunks/node_modules_next_dist_1e8vcs8._.js:776
[ 1050307ms] [LOG] [Fast Refresh] done in 9ms @ http://localhost:3000/_next/static/chunks/node_modules_next_dist_1e8vcs8._.js:776
[ 1050370ms] [LOG] [Fast Refresh] done in 9ms @ http://localhost:3000/_next/static/chunks/node_modules_next_dist_1e8vcs8._.js:776
[ 1050431ms] [LOG] [Fast Refresh] done in 9ms @ http://localhost:3000/_next/static/chunks/node_modules_next_dist_1e8vcs8._.js:776
[ 1050492ms] [LOG] [Fast Refresh] done in 9ms @ http://localhost:3000/_next/static/chunks/node_modules_next_dist_1e8vcs8._.js:776
[ 1050556ms] [LOG] [Fast Refresh] done in 9ms @ http://localhost:3000/_next/static/chunks/node_modules_next_dist_1e8vcs8._.js:776
[ 1050620ms] [LOG] [Fast Refresh] done in 9ms @ http://localhost:3000/_next/static/chunks/node_modules_next_dist_1e8vcs8._.js:776
[ 1050682ms] [LOG] [Fast Refresh] done in 9ms @ http://localhost:3000/_next/static/chunks/node_modules_next_dist_1e8vcs8._.js:776
[ 1050745ms] [LOG] [Fast Refresh] done in 9ms @ http://localhost:3000/_next/static/chunks/node_modules_next_dist_1e8vcs8._.js:776
[ 1050808ms] [LOG] [Fast Refresh] done in 9ms @ http://localhost:3000/_next/static/chunks/node_modules_next_dist_1e8vcs8._.js:776
[ 1050870ms] [LOG] [Fast Refresh] done in 9ms @ http://localhost:3000/_next/static/chunks/node_modules_next_dist_1e8vcs8._.js:776
[ 1050934ms] [LOG] [Fast Refresh] done in 9ms @ http://localhost:3000/_next/static/chunks/node_modules_next_dist_1e8vcs8._.js:776
[ 1050996ms] [LOG] [Fast Refresh] done in 9ms @ http://localhost:3000/_next/static/chunks/node_modules_next_dist_1e8vcs8._.js:776
[ 1051058ms] [LOG] [Fast Refresh] done in 9ms @ http://localhost:3000/_next/static/chunks/node_modules_next_dist_1e8vcs8._.js:776
[ 1051123ms] [LOG] [Fast Refresh] done in 9ms @ http://localhost:3000/_next/static/chunks/node_modules_next_dist_1e8vcs8._.js:776
[ 1051185ms] [LOG] [Fast Refresh] done in 9ms @ http://localhost:3000/_next/static/chunks/node_modules_next_dist_1e8vcs8._.js:776
[ 1051247ms] [LOG] [Fast Refresh] done in 9ms @ http://localhost:3000/_next/static/chunks/node_modules_next_dist_1e8vcs8._.js:776
[ 1051308ms] [LOG] [Fast Refresh] done in 9ms @ http://localhost:3000/_next/static/chunks/node_modules_next_dist_1e8vcs8._.js:776
[ 1051372ms] [LOG] [Fast Refresh] done in 9ms @ http://localhost:3000/_next/static/chunks/node_modules_next_dist_1e8vcs8._.js:776
[ 1051436ms] [LOG] [Fast Refresh] done in 9ms @ http://localhost:3000/_next/static/chunks/node_modules_next_dist_1e8vcs8._.js:776
[ 1051500ms] [LOG] [Fast Refresh] done in 9ms @ http://localhost:3000/_next/static/chunks/node_modules_next_dist_1e8vcs8._.js:776
[ 1051561ms] [LOG] [Fast Refresh] done in 9ms @ http://localhost:3000/_next/static/chunks/node_modules_next_dist_1e8vcs8._.js:776
[ 1051621ms] [LOG] [Fast Refresh] done in 9ms @ http://localhost:3000/_next/static/chunks/node_modules_next_dist_1e8vcs8._.js:776
[ 1051683ms] [LOG] [Fast Refresh] done in 9ms @ http://localhost:3000/_next/static/chunks/node_modules_next_dist_1e8vcs8._.js:776
[ 1051746ms] [LOG] [Fast Refresh] done in 9ms @ http://localhost:3000/_next/static/chunks/node_modules_next_dist_1e8vcs8._.js:776
[ 1051810ms] [LOG] [Fast Refresh] done in 9ms @ http://localhost:3000/_next/static/chunks/node_modules_next_dist_1e8vcs8._.js:776
[ 1051874ms] [LOG] [Fast Refresh] done in 9ms @ http://localhost:3000/_next/static/chunks/node_modules_next_dist_1e8vcs8._.js:776
[ 1051936ms] [LOG] [Fast Refresh] done in 9ms @ http://localhost:3000/_next/static/chunks/node_modules_next_dist_1e8vcs8._.js:776
[ 1051999ms] [LOG] [Fast Refresh] done in 9ms @ http://localhost:3000/_next/static/chunks/node_modules_next_dist_1e8vcs8._.js:776
[ 1052061ms] [LOG] [Fast Refresh] done in 9ms @ http://localhost:3000/_next/static/chunks/node_modules_next_dist_1e8vcs8._.js:776
[ 1052155ms] [LOG] [Fast Refresh] done in 9ms @ http://localhost:3000/_next/static/chunks/node_modules_next_dist_1e8vcs8._.js:776
[ 1052218ms] [LOG] [Fast Refresh] done in 9ms @ http://localhost:3000/_next/static/chunks/node_modules_next_dist_1e8vcs8._.js:776
[ 1052280ms] [LOG] [Fast Refresh] done in 9ms @ http://localhost:3000/_next/static/chunks/node_modules_next_dist_1e8vcs8._.js:776
[ 1052343ms] [LOG] [Fast Refresh] done in 9ms @ http://localhost:3000/_next/static/chunks/node_modules_next_dist_1e8vcs8._.js:776
[ 1052405ms] [LOG] [Fast Refresh] done in 9ms @ http://localhost:3000/_next/static/chunks/node_modules_next_dist_1e8vcs8._.js:776
[ 1052468ms] [LOG] [Fast Refresh] done in 9ms @ http://localhost:3000/_next/static/chunks/node_modules_next_dist_1e8vcs8._.js:776
[ 1052530ms] [LOG] [Fast Refresh] done in 9ms @ http://localhost:3000/_next/static/chunks/node_modules_next_dist_1e8vcs8._.js:776
[ 1052593ms] [LOG] [Fast Refresh] done in 9ms @ http://localhost:3000/_next/static/chunks/node_modules_next_dist_1e8vcs8._.js:776
[ 1052654ms] [LOG] [Fast Refresh] done in 9ms @ http://localhost:3000/_next/static/chunks/node_modules_next_dist_1e8vcs8._.js:776
[ 1052718ms] [LOG] [Fast Refresh] done in 9ms @ http://localhost:3000/_next/static/chunks/node_modules_next_dist_1e8vcs8._.js:776
[ 1052780ms] [LOG] [Fast Refresh] done in 9ms @ http://localhost:3000/_next/static/chunks/node_modules_next_dist_1e8vcs8._.js:776
[ 1052845ms] [LOG] [Fast Refresh] done in 9ms @ http://localhost:3000/_next/static/chunks/node_modules_next_dist_1e8vcs8._.js:776
[ 1052908ms] [LOG] [Fast Refresh] done in 9ms @ http://localhost:3000/_next/static/chunks/node_modules_next_dist_1e8vcs8._.js:776
[ 1052971ms] [LOG] [Fast Refresh] done in 9ms @ http://localhost:3000/_next/static/chunks/node_modules_next_dist_1e8vcs8._.js:776
[ 1053034ms] [LOG] [Fast Refresh] done in 9ms @ http://localhost:3000/_next/static/chunks/node_modules_next_dist_1e8vcs8._.js:776
[ 1053097ms] [LOG] [Fast Refresh] done in 9ms @ http://localhost:3000/_next/static/chunks/node_modules_next_dist_1e8vcs8._.js:776
[ 1053161ms] [LOG] [Fast Refresh] done in 9ms @ http://localhost:3000/_next/static/chunks/node_modules_next_dist_1e8vcs8._.js:776
[ 1053224ms] [LOG] [Fast Refresh] done in 9ms @ http://localhost:3000/_next/static/chunks/node_modules_next_dist_1e8vcs8._.js:776
[ 1053286ms] [LOG] [Fast Refresh] done in 9ms @ http://localhost:3000/_next/static/chunks/node_modules_next_dist_1e8vcs8._.js:776
[ 1053349ms] [LOG] [Fast Refresh] done in 9ms @ http://localhost:3000/_next/static/chunks/node_modules_next_dist_1e8vcs8._.js:776
[ 1053413ms] [LOG] [Fast Refresh] done in 9ms @ http://localhost:3000/_next/static/chunks/node_modules_next_dist_1e8vcs8._.js:776
[ 1053475ms] [LOG] [Fast Refresh] done in 9ms @ http://localhost:3000/_next/static/chunks/node_modules_next_dist_1e8vcs8._.js:776
[ 1053535ms] [LOG] [Fast Refresh] done in 9ms @ http://localhost:3000/_next/static/chunks/node_modules_next_dist_1e8vcs8._.js:776
[ 1053598ms] [LOG] [Fast Refresh] done in 9ms @ http://localhost:3000/_next/static/chunks/node_modules_next_dist_1e8vcs8._.js:776
[ 1053659ms] [LOG] [Fast Refresh] done in 9ms @ http://localhost:3000/_next/static/chunks/node_modules_next_dist_1e8vcs8._.js:776
[ 1053720ms] [LOG] [Fast Refresh] done in 9ms @ http://localhost:3000/_next/static/chunks/node_modules_next_dist_1e8vcs8._.js:776
[ 1053783ms] [LOG] [Fast Refresh] done in 9ms @ http://localhost:3000/_next/static/chunks/node_modules_next_dist_1e8vcs8._.js:776
[ 1053846ms] [LOG] [Fast Refresh] done in 9ms @ http://localhost:3000/_next/static/chunks/node_modules_next_dist_1e8vcs8._.js:776
[ 1053908ms] [LOG] [Fast Refresh] done in 9ms @ http://localhost:3000/_next/static/chunks/node_modules_next_dist_1e8vcs8._.js:776
[ 1053970ms] [LOG] [Fast Refresh] done in 9ms @ http://localhost:3000/_next/static/chunks/node_modules_next_dist_1e8vcs8._.js:776
[ 1054032ms] [LOG] [Fast Refresh] done in 9ms @ http://localhost:3000/_next/static/chunks/node_modules_next_dist_1e8vcs8._.js:776
[ 1054096ms] [LOG] [Fast Refresh] done in 9ms @ http://localhost:3000/_next/static/chunks/node_modules_next_dist_1e8vcs8._.js:776
[ 1054156ms] [LOG] [Fast Refresh] done in 9ms @ http://localhost:3000/_next/static/chunks/node_modules_next_dist_1e8vcs8._.js:776
[ 1054219ms] [LOG] [Fast Refresh] done in 9ms @ http://localhost:3000/_next/static/chunks/node_modules_next_dist_1e8vcs8._.js:776
[ 1054281ms] [LOG] [Fast Refresh] done in 9ms @ http://localhost:3000/_next/static/chunks/node_modules_next_dist_1e8vcs8._.js:776
[ 1054344ms] [LOG] [Fast Refresh] done in 9ms @ http://localhost:3000/_next/static/chunks/node_modules_next_dist_1e8vcs8._.js:776
[ 1054406ms] [LOG] [Fast Refresh] done in 9ms @ http://localhost:3000/_next/static/chunks/node_modules_next_dist_1e8vcs8._.js:776
[ 1054469ms] [LOG] [Fast Refresh] done in 9ms @ http://localhost:3000/_next/static/chunks/node_modules_next_dist_1e8vcs8._.js:776
[ 1054532ms] [LOG] [Fast Refresh] done in 9ms @ http://localhost:3000/_next/static/chunks/node_modules_next_dist_1e8vcs8._.js:776
[ 1054595ms] [LOG] [Fast Refresh] done in 9ms @ http://localhost:3000/_next/static/chunks/node_modules_next_dist_1e8vcs8._.js:776
[ 1054657ms] [LOG] [Fast Refresh] done in 9ms @ http://localhost:3000/_next/static/chunks/node_modules_next_dist_1e8vcs8._.js:776
[ 1054719ms] [LOG] [Fast Refresh] done in 9ms @ http://localhost:3000/_next/static/chunks/node_modules_next_dist_1e8vcs8._.js:776
[ 1054782ms] [LOG] [Fast Refresh] done in 9ms @ http://localhost:3000/_next/static/chunks/node_modules_next_dist_1e8vcs8._.js:776
[ 1054845ms] [LOG] [Fast Refresh] done in 9ms @ http://localhost:3000/_next/static/chunks/node_modules_next_dist_1e8vcs8._.js:776
[ 1054908ms] [LOG] [Fast Refresh] done in 9ms @ http://localhost:3000/_next/static/chunks/node_modules_next_dist_1e8vcs8._.js:776
[ 1054971ms] [LOG] [Fast Refresh] done in 9ms @ http://localhost:3000/_next/static/chunks/node_modules_next_dist_1e8vcs8._.js:776
[ 1055033ms] [LOG] [Fast Refresh] done in 9ms @ http://localhost:3000/_next/static/chunks/node_modules_next_dist_1e8vcs8._.js:776
[ 1055097ms] [LOG] [Fast Refresh] done in 9ms @ http://localhost:3000/_next/static/chunks/node_modules_next_dist_1e8vcs8._.js:776
[ 1055159ms] [LOG] [Fast Refresh] done in 9ms @ http://localhost:3000/_next/static/chunks/node_modules_next_dist_1e8vcs8._.js:776
[ 1055222ms] [LOG] [Fast Refresh] done in 9ms @ http://localhost:3000/_next/static/chunks/node_modules_next_dist_1e8vcs8._.js:776
[ 1055285ms] [LOG] [Fast Refresh] done in 9ms @ http://localhost:3000/_next/static/chunks/node_modules_next_dist_1e8vcs8._.js:776
[ 1055349ms] [LOG] [Fast Refresh] done in 9ms @ http://localhost:3000/_next/static/chunks/node_modules_next_dist_1e8vcs8._.js:776
[ 1055411ms] [LOG] [Fast Refresh] done in 9ms @ http://localhost:3000/_next/static/chunks/node_modules_next_dist_1e8vcs8._.js:776
[ 1055475ms] [LOG] [Fast Refresh] done in 9ms @ http://localhost:3000/_next/static/chunks/node_modules_next_dist_1e8vcs8._.js:776
[ 1055550ms] [LOG] [Fast Refresh] done in 9ms @ http://localhost:3000/_next/static/chunks/node_modules_next_dist_1e8vcs8._.js:776
[ 1055618ms] [LOG] [Fast Refresh] done in 9ms @ http://localhost:3000/_next/static/chunks/node_modules_next_dist_1e8vcs8._.js:776
[ 1055680ms] [LOG] [Fast Refresh] done in 9ms @ http://localhost:3000/_next/static/chunks/node_modules_next_dist_1e8vcs8._.js:776
[ 1055742ms] [LOG] [Fast Refresh] done in 9ms @ http://localhost:3000/_next/static/chunks/node_modules_next_dist_1e8vcs8._.js:776
[ 1055805ms] [LOG] [Fast Refresh] done in 9ms @ http://localhost:3000/_next/static/chunks/node_modules_next_dist_1e8vcs8._.js:776
[ 1055867ms] [LOG] [Fast Refresh] done in 9ms @ http://localhost:3000/_next/static/chunks/node_modules_next_dist_1e8vcs8._.js:776
[ 1055929ms] [LOG] [Fast Refresh] done in 9ms @ http://localhost:3000/_next/static/chunks/node_modules_next_dist_1e8vcs8._.js:776
[ 1055992ms] [LOG] [Fast Refresh] done in 9ms @ http://localhost:3000/_next/static/chunks/node_modules_next_dist_1e8vcs8._.js:776
[ 1056053ms] [LOG] [Fast Refresh] done in 9ms @ http://localhost:3000/_next/static/chunks/node_modules_next_dist_1e8vcs8._.js:776
[ 1056116ms] [LOG] [Fast Refresh] done in 9ms @ http://localhost:3000/_next/static/chunks/node_modules_next_dist_1e8vcs8._.js:776
[ 1056178ms] [LOG] [Fast Refresh] done in 9ms @ http://localhost:3000/_next/static/chunks/node_modules_next_dist_1e8vcs8._.js:776
[ 1056242ms] [LOG] [Fast Refresh] done in 9ms @ http://localhost:3000/_next/static/chunks/node_modules_next_dist_1e8vcs8._.js:776
[ 1056306ms] [LOG] [Fast Refresh] done in 9ms @ http://localhost:3000/_next/static/chunks/node_modules_next_dist_1e8vcs8._.js:776
[ 1056368ms] [LOG] [Fast Refresh] done in 9ms @ http://localhost:3000/_next/static/chunks/node_modules_next_dist_1e8vcs8._.js:776
[ 1056430ms] [LOG] [Fast Refresh] done in 9ms @ http://localhost:3000/_next/static/chunks/node_modules_next_dist_1e8vcs8._.js:776
[ 1056492ms] [LOG] [Fast Refresh] done in 9ms @ http://localhost:3000/_next/static/chunks/node_modules_next_dist_1e8vcs8._.js:776
[ 1056555ms] [LOG] [Fast Refresh] done in 9ms @ http://localhost:3000/_next/static/chunks/node_modules_next_dist_1e8vcs8._.js:776
[ 1056619ms] [LOG] [Fast Refresh] done in 9ms @ http://localhost:3000/_next/static/chunks/node_modules_next_dist_1e8vcs8._.js:776
[ 1056682ms] [LOG] [Fast Refresh] done in 9ms @ http://localhost:3000/_next/static/chunks/node_modules_next_dist_1e8vcs8._.js:776
[ 1056744ms] [LOG] [Fast Refresh] done in 9ms @ http://localhost:3000/_next/static/chunks/node_modules_next_dist_1e8vcs8._.js:776
[ 1056806ms] [LOG] [Fast Refresh] done in 9ms @ http://localhost:3000/_next/static/chunks/node_modules_next_dist_1e8vcs8._.js:776
[ 1056869ms] [LOG] [Fast Refresh] done in 9ms @ http://localhost:3000/_next/static/chunks/node_modules_next_dist_1e8vcs8._.js:776
[ 1056933ms] [LOG] [Fast Refresh] done in 9ms @ http://localhost:3000/_next/static/chunks/node_modules_next_dist_1e8vcs8._.js:776
[ 1056995ms] [LOG] [Fast Refresh] done in 9ms @ http://localhost:3000/_next/static/chunks/node_modules_next_dist_1e8vcs8._.js:776
[ 1057057ms] [LOG] [Fast Refresh] done in 9ms @ http://localhost:3000/_next/static/chunks/node_modules_next_dist_1e8vcs8._.js:776
[ 1057121ms] [LOG] [Fast Refresh] done in 9ms @ http://localhost:3000/_next/static/chunks/node_modules_next_dist_1e8vcs8._.js:776
[ 1057182ms] [LOG] [Fast Refresh] done in 9ms @ http://localhost:3000/_next/static/chunks/node_modules_next_dist_1e8vcs8._.js:776
[ 1057244ms] [LOG] [Fast Refresh] done in 9ms @ http://localhost:3000/_next/static/chunks/node_modules_next_dist_1e8vcs8._.js:776
[ 1057306ms] [LOG] [Fast Refresh] done in 9ms @ http://localhost:3000/_next/static/chunks/node_modules_next_dist_1e8vcs8._.js:776
[ 1057370ms] [LOG] [Fast Refresh] done in 9ms @ http://localhost:3000/_next/static/chunks/node_modules_next_dist_1e8vcs8._.js:776
[ 1057433ms] [LOG] [Fast Refresh] done in 9ms @ http://localhost:3000/_next/static/chunks/node_modules_next_dist_1e8vcs8._.js:776
[ 1057496ms] [LOG] [Fast Refresh] done in 9ms @ http://localhost:3000/_next/static/chunks/node_modules_next_dist_1e8vcs8._.js:776
[ 1057558ms] [LOG] [Fast Refresh] done in 9ms @ http://localhost:3000/_next/static/chunks/node_modules_next_dist_1e8vcs8._.js:776
[ 1057621ms] [LOG] [Fast Refresh] done in 9ms @ http://localhost:3000/_next/static/chunks/node_modules_next_dist_1e8vcs8._.js:776
[ 1057685ms] [LOG] [Fast Refresh] done in 9ms @ http://localhost:3000/_next/static/chunks/node_modules_next_dist_1e8vcs8._.js:776
[ 1057747ms] [LOG] [Fast Refresh] done in 9ms @ http://localhost:3000/_next/static/chunks/node_modules_next_dist_1e8vcs8._.js:776
[ 1057810ms] [LOG] [Fast Refresh] done in 9ms @ http://localhost:3000/_next/static/chunks/node_modules_next_dist_1e8vcs8._.js:776
[ 1057872ms] [LOG] [Fast Refresh] done in 9ms @ http://localhost:3000/_next/static/chunks/node_modules_next_dist_1e8vcs8._.js:776
[ 1057936ms] [LOG] [Fast Refresh] done in 9ms @ http://localhost:3000/_next/static/chunks/node_modules_next_dist_1e8vcs8._.js:776
[ 1057998ms] [LOG] [Fast Refresh] done in 9ms @ http://localhost:3000/_next/static/chunks/node_modules_next_dist_1e8vcs8._.js:776
[ 1058060ms] [LOG] [Fast Refresh] done in 9ms @ http://localhost:3000/_next/static/chunks/node_modules_next_dist_1e8vcs8._.js:776
[ 1058122ms] [LOG] [Fast Refresh] done in 9ms @ http://localhost:3000/_next/static/chunks/node_modules_next_dist_1e8vcs8._.js:776
[ 1058186ms] [LOG] [Fast Refresh] done in 9ms @ http://localhost:3000/_next/static/chunks/node_modules_next_dist_1e8vcs8._.js:776
[ 1058247ms] [LOG] [Fast Refresh] done in 9ms @ http://localhost:3000/_next/static/chunks/node_modules_next_dist_1e8vcs8._.js:776
[ 1058310ms] [LOG] [Fast Refresh] done in 9ms @ http://localhost:3000/_next/static/chunks/node_modules_next_dist_1e8vcs8._.js:776
[ 1058371ms] [LOG] [Fast Refresh] done in 9ms @ http://localhost:3000/_next/static/chunks/node_modules_next_dist_1e8vcs8._.js:776
[ 1058432ms] [LOG] [Fast Refresh] done in 9ms @ http://localhost:3000/_next/static/chunks/node_modules_next_dist_1e8vcs8._.js:776
[ 1058495ms] [LOG] [Fast Refresh] done in 9ms @ http://localhost:3000/_next/static/chunks/node_modules_next_dist_1e8vcs8._.js:776
[ 1058558ms] [LOG] [Fast Refresh] done in 9ms @ http://localhost:3000/_next/static/chunks/node_modules_next_dist_1e8vcs8._.js:776
[ 1058620ms] [LOG] [Fast Refresh] done in 9ms @ http://localhost:3000/_next/static/chunks/node_modules_next_dist_1e8vcs8._.js:776
[ 1058683ms] [LOG] [Fast Refresh] done in 9ms @ http://localhost:3000/_next/static/chunks/node_modules_next_dist_1e8vcs8._.js:776
[ 1058746ms] [LOG] [Fast Refresh] done in 9ms @ http://localhost:3000/_next/static/chunks/node_modules_next_dist_1e8vcs8._.js:776
[ 1058808ms] [LOG] [Fast Refresh] done in 9ms @ http://localhost:3000/_next/static/chunks/node_modules_next_dist_1e8vcs8._.js:776
[ 1058870ms] [LOG] [Fast Refresh] done in 9ms @ http://localhost:3000/_next/static/chunks/node_modules_next_dist_1e8vcs8._.js:776
[ 1058931ms] [LOG] [Fast Refresh] done in 9ms @ http://localhost:3000/_next/static/chunks/node_modules_next_dist_1e8vcs8._.js:776
[ 1058995ms] [LOG] [Fast Refresh] done in 9ms @ http://localhost:3000/_next/static/chunks/node_modules_next_dist_1e8vcs8._.js:776
[ 1059056ms] [LOG] [Fast Refresh] done in 9ms @ http://localhost:3000/_next/static/chunks/node_modules_next_dist_1e8vcs8._.js:776
[ 1059118ms] [LOG] [Fast Refresh] done in 9ms @ http://localhost:3000/_next/static/chunks/node_modules_next_dist_1e8vcs8._.js:776
[ 1059180ms] [LOG] [Fast Refresh] done in 9ms @ http://localhost:3000/_next/static/chunks/node_modules_next_dist_1e8vcs8._.js:776
[ 1059241ms] [LOG] [Fast Refresh] done in 9ms @ http://localhost:3000/_next/static/chunks/node_modules_next_dist_1e8vcs8._.js:776
[ 1059305ms] [LOG] [Fast Refresh] done in 9ms @ http://localhost:3000/_next/static/chunks/node_modules_next_dist_1e8vcs8._.js:776
[ 1059367ms] [LOG] [Fast Refresh] done in 9ms @ http://localhost:3000/_next/static/chunks/node_modules_next_dist_1e8vcs8._.js:776
[ 1059429ms] [LOG] [Fast Refresh] done in 9ms @ http://localhost:3000/_next/static/chunks/node_modules_next_dist_1e8vcs8._.js:776
[ 1059493ms] [LOG] [Fast Refresh] done in 9ms @ http://localhost:3000/_next/static/chunks/node_modules_next_dist_1e8vcs8._.js:776
[ 1059555ms] [LOG] [Fast Refresh] done in 9ms @ http://localhost:3000/_next/static/chunks/node_modules_next_dist_1e8vcs8._.js:776
[ 1059619ms] [LOG] [Fast Refresh] done in 9ms @ http://localhost:3000/_next/static/chunks/node_modules_next_dist_1e8vcs8._.js:776
[ 1059679ms] [LOG] [Fast Refresh] done in 9ms @ http://localhost:3000/_next/static/chunks/node_modules_next_dist_1e8vcs8._.js:776
[ 1059741ms] [LOG] [Fast Refresh] done in 9ms @ http://localhost:3000/_next/static/chunks/node_modules_next_dist_1e8vcs8._.js:776
[ 1059805ms] [LOG] [Fast Refresh] done in 9ms @ http://localhost:3000/_next/static/chunks/node_modules_next_dist_1e8vcs8._.js:776
[ 1059868ms] [LOG] [Fast Refresh] done in 9ms @ http://localhost:3000/_next/static/chunks/node_modules_next_dist_1e8vcs8._.js:776
[ 1059929ms] [LOG] [Fast Refresh] done in 9ms @ http://localhost:3000/_next/static/chunks/node_modules_next_dist_1e8vcs8._.js:776
[ 1059992ms] [LOG] [Fast Refresh] done in 9ms @ http://localhost:3000/_next/static/chunks/node_modules_next_dist_1e8vcs8._.js:776
[ 1060055ms] [LOG] [Fast Refresh] done in 9ms @ http://localhost:3000/_next/static/chunks/node_modules_next_dist_1e8vcs8._.js:776
[ 1060117ms] [LOG] [Fast Refresh] done in 9ms @ http://localhost:3000/_next/static/chunks/node_modules_next_dist_1e8vcs8._.js:776
[ 1060178ms] [LOG] [Fast Refresh] done in 9ms @ http://localhost:3000/_next/static/chunks/node_modules_next_dist_1e8vcs8._.js:776
[ 1060242ms] [LOG] [Fast Refresh] done in 9ms @ http://localhost:3000/_next/static/chunks/node_modules_next_dist_1e8vcs8._.js:776
[ 1060304ms] [LOG] [Fast Refresh] done in 9ms @ http://localhost:3000/_next/static/chunks/node_modules_next_dist_1e8vcs8._.js:776
[ 1060368ms] [LOG] [Fast Refresh] done in 9ms @ http://localhost:3000/_next/static/chunks/node_modules_next_dist_1e8vcs8._.js:776
[ 1060429ms] [LOG] [Fast Refresh] done in 9ms @ http://localhost:3000/_next/static/chunks/node_modules_next_dist_1e8vcs8._.js:776
[ 1060492ms] [LOG] [Fast Refresh] done in 9ms @ http://localhost:3000/_next/static/chunks/node_modules_next_dist_1e8vcs8._.js:776
[ 1060556ms] [LOG] [Fast Refresh] done in 9ms @ http://localhost:3000/_next/static/chunks/node_modules_next_dist_1e8vcs8._.js:776
[ 1060620ms] [LOG] [Fast Refresh] done in 9ms @ http://localhost:3000/_next/static/chunks/node_modules_next_dist_1e8vcs8._.js:776
[ 1060683ms] [LOG] [Fast Refresh] done in 9ms @ http://localhost:3000/_next/static/chunks/node_modules_next_dist_1e8vcs8._.js:776
[ 1060747ms] [LOG] [Fast Refresh] done in 9ms @ http://localhost:3000/_next/static/chunks/node_modules_next_dist_1e8vcs8._.js:776
[ 1060811ms] [LOG] [Fast Refresh] done in 9ms @ http://localhost:3000/_next/static/chunks/node_modules_next_dist_1e8vcs8._.js:776
[ 1060873ms] [LOG] [Fast Refresh] done in 9ms @ http://localhost:3000/_next/static/chunks/node_modules_next_dist_1e8vcs8._.js:776
[ 1060936ms] [LOG] [Fast Refresh] done in 9ms @ http://localhost:3000/_next/static/chunks/node_modules_next_dist_1e8vcs8._.js:776
[ 1060999ms] [LOG] [Fast Refresh] done in 9ms @ http://localhost:3000/_next/static/chunks/node_modules_next_dist_1e8vcs8._.js:776
[ 1061060ms] [LOG] [Fast Refresh] done in 9ms @ http://localhost:3000/_next/static/chunks/node_modules_next_dist_1e8vcs8._.js:776
[ 1061122ms] [LOG] [Fast Refresh] done in 9ms @ http://localhost:3000/_next/static/chunks/node_modules_next_dist_1e8vcs8._.js:776
[ 1061185ms] [LOG] [Fast Refresh] done in 9ms @ http://localhost:3000/_next/static/chunks/node_modules_next_dist_1e8vcs8._.js:776
[ 1061248ms] [LOG] [Fast Refresh] done in 9ms @ http://localhost:3000/_next/static/chunks/node_modules_next_dist_1e8vcs8._.js:776
[ 1061310ms] [LOG] [Fast Refresh] done in 9ms @ http://localhost:3000/_next/static/chunks/node_modules_next_dist_1e8vcs8._.js:776
[ 1061374ms] [LOG] [Fast Refresh] done in 9ms @ http://localhost:3000/_next/static/chunks/node_modules_next_dist_1e8vcs8._.js:776
[ 1061436ms] [LOG] [Fast Refresh] done in 9ms @ http://localhost:3000/_next/static/chunks/node_modules_next_dist_1e8vcs8._.js:776
[ 1061499ms] [LOG] [Fast Refresh] done in 9ms @ http://localhost:3000/_next/static/chunks/node_modules_next_dist_1e8vcs8._.js:776
[ 1061562ms] [LOG] [Fast Refresh] done in 9ms @ http://localhost:3000/_next/static/chunks/node_modules_next_dist_1e8vcs8._.js:776
[ 1061625ms] [LOG] [Fast Refresh] done in 9ms @ http://localhost:3000/_next/static/chunks/node_modules_next_dist_1e8vcs8._.js:776
[ 1061688ms] [LOG] [Fast Refresh] done in 9ms @ http://localhost:3000/_next/static/chunks/node_modules_next_dist_1e8vcs8._.js:776
[ 1061751ms] [LOG] [Fast Refresh] done in 9ms @ http://localhost:3000/_next/static/chunks/node_modules_next_dist_1e8vcs8._.js:776
[ 1061813ms] [LOG] [Fast Refresh] done in 9ms @ http://localhost:3000/_next/static/chunks/node_modules_next_dist_1e8vcs8._.js:776
[ 1061875ms] [LOG] [Fast Refresh] done in 9ms @ http://localhost:3000/_next/static/chunks/node_modules_next_dist_1e8vcs8._.js:776
[ 1061937ms] [LOG] [Fast Refresh] done in 9ms @ http://localhost:3000/_next/static/chunks/node_modules_next_dist_1e8vcs8._.js:776
[ 1062007ms] [LOG] [Fast Refresh] done in 9ms @ http://localhost:3000/_next/static/chunks/node_modules_next_dist_1e8vcs8._.js:776
[ 1062061ms] [LOG] [Fast Refresh] done in 9ms @ http://localhost:3000/_next/static/chunks/node_modules_next_dist_1e8vcs8._.js:776
[ 1062124ms] [LOG] [Fast Refresh] done in 9ms @ http://localhost:3000/_next/static/chunks/node_modules_next_dist_1e8vcs8._.js:776
[ 1062187ms] [LOG] [Fast Refresh] done in 9ms @ http://localhost:3000/_next/static/chunks/node_modules_next_dist_1e8vcs8._.js:776
[ 1062251ms] [LOG] [Fast Refresh] done in 9ms @ http://localhost:3000/_next/static/chunks/node_modules_next_dist_1e8vcs8._.js:776
[ 1062313ms] [LOG] [Fast Refresh] done in 9ms @ http://localhost:3000/_next/static/chunks/node_modules_next_dist_1e8vcs8._.js:776
[ 1062376ms] [LOG] [Fast Refresh] done in 9ms @ http://localhost:3000/_next/static/chunks/node_modules_next_dist_1e8vcs8._.js:776
[ 1062438ms] [LOG] [Fast Refresh] done in 9ms @ http://localhost:3000/_next/static/chunks/node_modules_next_dist_1e8vcs8._.js:776
[ 1062500ms] [LOG] [Fast Refresh] done in 9ms @ http://localhost:3000/_next/static/chunks/node_modules_next_dist_1e8vcs8._.js:776
[ 1062562ms] [LOG] [Fast Refresh] done in 9ms @ http://localhost:3000/_next/static/chunks/node_modules_next_dist_1e8vcs8._.js:776
[ 1062623ms] [LOG] [Fast Refresh] done in 9ms @ http://localhost:3000/_next/static/chunks/node_modules_next_dist_1e8vcs8._.js:776
[ 1062686ms] [LOG] [Fast Refresh] done in 9ms @ http://localhost:3000/_next/static/chunks/node_modules_next_dist_1e8vcs8._.js:776
[ 1062749ms] [LOG] [Fast Refresh] done in 9ms @ http://localhost:3000/_next/static/chunks/node_modules_next_dist_1e8vcs8._.js:776
[ 1062812ms] [LOG] [Fast Refresh] done in 9ms @ http://localhost:3000/_next/static/chunks/node_modules_next_dist_1e8vcs8._.js:776
[ 1062874ms] [LOG] [Fast Refresh] done in 9ms @ http://localhost:3000/_next/static/chunks/node_modules_next_dist_1e8vcs8._.js:776
[ 1062937ms] [LOG] [Fast Refresh] done in 9ms @ http://localhost:3000/_next/static/chunks/node_modules_next_dist_1e8vcs8._.js:776
[ 1062999ms] [LOG] [Fast Refresh] done in 9ms @ http://localhost:3000/_next/static/chunks/node_modules_next_dist_1e8vcs8._.js:776
[ 1063062ms] [LOG] [Fast Refresh] done in 9ms @ http://localhost:3000/_next/static/chunks/node_modules_next_dist_1e8vcs8._.js:776
[ 1063125ms] [LOG] [Fast Refresh] done in 9ms @ http://localhost:3000/_next/static/chunks/node_modules_next_dist_1e8vcs8._.js:776
[ 1063188ms] [LOG] [Fast Refresh] done in 9ms @ http://localhost:3000/_next/static/chunks/node_modules_next_dist_1e8vcs8._.js:776
[ 1063251ms] [LOG] [Fast Refresh] done in 9ms @ http://localhost:3000/_next/static/chunks/node_modules_next_dist_1e8vcs8._.js:776
[ 1063312ms] [LOG] [Fast Refresh] done in 9ms @ http://localhost:3000/_next/static/chunks/node_modules_next_dist_1e8vcs8._.js:776
[ 1063375ms] [LOG] [Fast Refresh] done in 9ms @ http://localhost:3000/_next/static/chunks/node_modules_next_dist_1e8vcs8._.js:776
[ 1063438ms] [LOG] [Fast Refresh] done in 9ms @ http://localhost:3000/_next/static/chunks/node_modules_next_dist_1e8vcs8._.js:776
[ 1063499ms] [LOG] [Fast Refresh] done in 9ms @ http://localhost:3000/_next/static/chunks/node_modules_next_dist_1e8vcs8._.js:776
[ 1063564ms] [LOG] [Fast Refresh] done in 9ms @ http://localhost:3000/_next/static/chunks/node_modules_next_dist_1e8vcs8._.js:776
[ 1063625ms] [LOG] [Fast Refresh] done in 9ms @ http://localhost:3000/_next/static/chunks/node_modules_next_dist_1e8vcs8._.js:776
[ 1063685ms] [LOG] [Fast Refresh] done in 9ms @ http://localhost:3000/_next/static/chunks/node_modules_next_dist_1e8vcs8._.js:776
[ 1063749ms] [LOG] [Fast Refresh] done in 9ms @ http://localhost:3000/_next/static/chunks/node_modules_next_dist_1e8vcs8._.js:776
[ 1063811ms] [LOG] [Fast Refresh] done in 9ms @ http://localhost:3000/_next/static/chunks/node_modules_next_dist_1e8vcs8._.js:776
[ 1063874ms] [LOG] [Fast Refresh] done in 9ms @ http://localhost:3000/_next/static/chunks/node_modules_next_dist_1e8vcs8._.js:776
[ 1063936ms] [LOG] [Fast Refresh] done in 9ms @ http://localhost:3000/_next/static/chunks/node_modules_next_dist_1e8vcs8._.js:776
[ 1063998ms] [LOG] [Fast Refresh] done in 9ms @ http://localhost:3000/_next/static/chunks/node_modules_next_dist_1e8vcs8._.js:776
[ 1064059ms] [LOG] [Fast Refresh] done in 9ms @ http://localhost:3000/_next/static/chunks/node_modules_next_dist_1e8vcs8._.js:776
[ 1064123ms] [LOG] [Fast Refresh] done in 9ms @ http://localhost:3000/_next/static/chunks/node_modules_next_dist_1e8vcs8._.js:776
[ 1064186ms] [LOG] [Fast Refresh] done in 9ms @ http://localhost:3000/_next/static/chunks/node_modules_next_dist_1e8vcs8._.js:776
[ 1064250ms] [LOG] [Fast Refresh] done in 9ms @ http://localhost:3000/_next/static/chunks/node_modules_next_dist_1e8vcs8._.js:776
[ 1064312ms] [LOG] [Fast Refresh] done in 9ms @ http://localhost:3000/_next/static/chunks/node_modules_next_dist_1e8vcs8._.js:776
[ 1064374ms] [LOG] [Fast Refresh] done in 9ms @ http://localhost:3000/_next/static/chunks/node_modules_next_dist_1e8vcs8._.js:776
[ 1064438ms] [LOG] [Fast Refresh] done in 9ms @ http://localhost:3000/_next/static/chunks/node_modules_next_dist_1e8vcs8._.js:776
[ 1064500ms] [LOG] [Fast Refresh] done in 9ms @ http://localhost:3000/_next/static/chunks/node_modules_next_dist_1e8vcs8._.js:776
[ 1064563ms] [LOG] [Fast Refresh] done in 9ms @ http://localhost:3000/_next/static/chunks/node_modules_next_dist_1e8vcs8._.js:776
[ 1064625ms] [LOG] [Fast Refresh] done in 9ms @ http://localhost:3000/_next/static/chunks/node_modules_next_dist_1e8vcs8._.js:776
[ 1064687ms] [LOG] [Fast Refresh] done in 9ms @ http://localhost:3000/_next/static/chunks/node_modules_next_dist_1e8vcs8._.js:776
[ 1064750ms] [LOG] [Fast Refresh] done in 9ms @ http://localhost:3000/_next/static/chunks/node_modules_next_dist_1e8vcs8._.js:776
[ 1064812ms] [LOG] [Fast Refresh] done in 9ms @ http://localhost:3000/_next/static/chunks/node_modules_next_dist_1e8vcs8._.js:776
[ 1064875ms] [LOG] [Fast Refresh] done in 9ms @ http://localhost:3000/_next/static/chunks/node_modules_next_dist_1e8vcs8._.js:776
[ 1064938ms] [LOG] [Fast Refresh] done in 9ms @ http://localhost:3000/_next/static/chunks/node_modules_next_dist_1e8vcs8._.js:776
[ 1065001ms] [LOG] [Fast Refresh] done in 9ms @ http://localhost:3000/_next/static/chunks/node_modules_next_dist_1e8vcs8._.js:776
[ 1065062ms] [LOG] [Fast Refresh] done in 9ms @ http://localhost:3000/_next/static/chunks/node_modules_next_dist_1e8vcs8._.js:776
[ 1065123ms] [LOG] [Fast Refresh] done in 9ms @ http://localhost:3000/_next/static/chunks/node_modules_next_dist_1e8vcs8._.js:776
[ 1065185ms] [LOG] [Fast Refresh] done in 9ms @ http://localhost:3000/_next/static/chunks/node_modules_next_dist_1e8vcs8._.js:776
[ 1065248ms] [LOG] [Fast Refresh] done in 9ms @ http://localhost:3000/_next/static/chunks/node_modules_next_dist_1e8vcs8._.js:776
[ 1065310ms] [LOG] [Fast Refresh] done in 9ms @ http://localhost:3000/_next/static/chunks/node_modules_next_dist_1e8vcs8._.js:776
[ 1065374ms] [LOG] [Fast Refresh] done in 9ms @ http://localhost:3000/_next/static/chunks/node_modules_next_dist_1e8vcs8._.js:776
[ 1065436ms] [LOG] [Fast Refresh] done in 9ms @ http://localhost:3000/_next/static/chunks/node_modules_next_dist_1e8vcs8._.js:776
[ 1065498ms] [LOG] [Fast Refresh] done in 9ms @ http://localhost:3000/_next/static/chunks/node_modules_next_dist_1e8vcs8._.js:776
[ 1065560ms] [LOG] [Fast Refresh] done in 9ms @ http://localhost:3000/_next/static/chunks/node_modules_next_dist_1e8vcs8._.js:776
[ 1065622ms] [LOG] [Fast Refresh] done in 9ms @ http://localhost:3000/_next/static/chunks/node_modules_next_dist_1e8vcs8._.js:776
[ 1065685ms] [LOG] [Fast Refresh] done in 9ms @ http://localhost:3000/_next/static/chunks/node_modules_next_dist_1e8vcs8._.js:776
[ 1065749ms] [LOG] [Fast Refresh] done in 9ms @ http://localhost:3000/_next/static/chunks/node_modules_next_dist_1e8vcs8._.js:776
[ 1065811ms] [LOG] [Fast Refresh] done in 9ms @ http://localhost:3000/_next/static/chunks/node_modules_next_dist_1e8vcs8._.js:776
[ 1065873ms] [LOG] [Fast Refresh] done in 9ms @ http://localhost:3000/_next/static/chunks/node_modules_next_dist_1e8vcs8._.js:776
[ 1065935ms] [LOG] [Fast Refresh] done in 9ms @ http://localhost:3000/_next/static/chunks/node_modules_next_dist_1e8vcs8._.js:776
[ 1065997ms] [LOG] [Fast Refresh] done in 9ms @ http://localhost:3000/_next/static/chunks/node_modules_next_dist_1e8vcs8._.js:776
[ 1066060ms] [LOG] [Fast Refresh] done in 9ms @ http://localhost:3000/_next/static/chunks/node_modules_next_dist_1e8vcs8._.js:776
[ 1066122ms] [LOG] [Fast Refresh] done in 9ms @ http://localhost:3000/_next/static/chunks/node_modules_next_dist_1e8vcs8._.js:776
[ 1066185ms] [LOG] [Fast Refresh] done in 9ms @ http://localhost:3000/_next/static/chunks/node_modules_next_dist_1e8vcs8._.js:776
[ 1066247ms] [LOG] [Fast Refresh] done in 9ms @ http://localhost:3000/_next/static/chunks/node_modules_next_dist_1e8vcs8._.js:776
[ 1066309ms] [LOG] [Fast Refresh] done in 9ms @ http://localhost:3000/_next/static/chunks/node_modules_next_dist_1e8vcs8._.js:776
[ 1066372ms] [LOG] [Fast Refresh] done in 9ms @ http://localhost:3000/_next/static/chunks/node_modules_next_dist_1e8vcs8._.js:776
[ 1066436ms] [LOG] [Fast Refresh] done in 9ms @ http://localhost:3000/_next/static/chunks/node_modules_next_dist_1e8vcs8._.js:776
[ 1066500ms] [LOG] [Fast Refresh] done in 9ms @ http://localhost:3000/_next/static/chunks/node_modules_next_dist_1e8vcs8._.js:776
[ 1066562ms] [LOG] [Fast Refresh] done in 9ms @ http://localhost:3000/_next/static/chunks/node_modules_next_dist_1e8vcs8._.js:776
[ 1066627ms] [LOG] [Fast Refresh] done in 9ms @ http://localhost:3000/_next/static/chunks/node_modules_next_dist_1e8vcs8._.js:776
[ 1066689ms] [LOG] [Fast Refresh] done in 9ms @ http://localhost:3000/_next/static/chunks/node_modules_next_dist_1e8vcs8._.js:776
[ 1066750ms] [LOG] [Fast Refresh] done in 9ms @ http://localhost:3000/_next/static/chunks/node_modules_next_dist_1e8vcs8._.js:776
[ 1066811ms] [LOG] [Fast Refresh] done in 9ms @ http://localhost:3000/_next/static/chunks/node_modules_next_dist_1e8vcs8._.js:776
[ 1066875ms] [LOG] [Fast Refresh] done in 9ms @ http://localhost:3000/_next/static/chunks/node_modules_next_dist_1e8vcs8._.js:776
[ 1066936ms] [LOG] [Fast Refresh] done in 9ms @ http://localhost:3000/_next/static/chunks/node_modules_next_dist_1e8vcs8._.js:776
[ 1067000ms] [LOG] [Fast Refresh] done in 9ms @ http://localhost:3000/_next/static/chunks/node_modules_next_dist_1e8vcs8._.js:776
[ 1067063ms] [LOG] [Fast Refresh] done in 9ms @ http://localhost:3000/_next/static/chunks/node_modules_next_dist_1e8vcs8._.js:776
[ 1067126ms] [LOG] [Fast Refresh] done in 9ms @ http://localhost:3000/_next/static/chunks/node_modules_next_dist_1e8vcs8._.js:776
[ 1067188ms] [LOG] [Fast Refresh] done in 9ms @ http://localhost:3000/_next/static/chunks/node_modules_next_dist_1e8vcs8._.js:776
[ 1067250ms] [LOG] [Fast Refresh] done in 9ms @ http://localhost:3000/_next/static/chunks/node_modules_next_dist_1e8vcs8._.js:776
[ 1067312ms] [LOG] [Fast Refresh] done in 9ms @ http://localhost:3000/_next/static/chunks/node_modules_next_dist_1e8vcs8._.js:776
[ 1067374ms] [LOG] [Fast Refresh] done in 9ms @ http://localhost:3000/_next/static/chunks/node_modules_next_dist_1e8vcs8._.js:776
[ 1067437ms] [LOG] [Fast Refresh] done in 9ms @ http://localhost:3000/_next/static/chunks/node_modules_next_dist_1e8vcs8._.js:776
[ 1067500ms] [LOG] [Fast Refresh] done in 9ms @ http://localhost:3000/_next/static/chunks/node_modules_next_dist_1e8vcs8._.js:776
[ 1067563ms] [LOG] [Fast Refresh] done in 9ms @ http://localhost:3000/_next/static/chunks/node_modules_next_dist_1e8vcs8._.js:776
[ 1067625ms] [LOG] [Fast Refresh] done in 9ms @ http://localhost:3000/_next/static/chunks/node_modules_next_dist_1e8vcs8._.js:776
[ 1067687ms] [LOG] [Fast Refresh] done in 9ms @ http://localhost:3000/_next/static/chunks/node_modules_next_dist_1e8vcs8._.js:776
[ 1067751ms] [LOG] [Fast Refresh] done in 9ms @ http://localhost:3000/_next/static/chunks/node_modules_next_dist_1e8vcs8._.js:776
[ 1067813ms] [LOG] [Fast Refresh] done in 9ms @ http://localhost:3000/_next/static/chunks/node_modules_next_dist_1e8vcs8._.js:776
[ 1067876ms] [LOG] [Fast Refresh] done in 9ms @ http://localhost:3000/_next/static/chunks/node_modules_next_dist_1e8vcs8._.js:776
[ 1067938ms] [LOG] [Fast Refresh] done in 9ms @ http://localhost:3000/_next/static/chunks/node_modules_next_dist_1e8vcs8._.js:776
[ 1068001ms] [LOG] [Fast Refresh] done in 9ms @ http://localhost:3000/_next/static/chunks/node_modules_next_dist_1e8vcs8._.js:776
[ 1068062ms] [LOG] [Fast Refresh] done in 9ms @ http://localhost:3000/_next/static/chunks/node_modules_next_dist_1e8vcs8._.js:776
[ 1068125ms] [LOG] [Fast Refresh] done in 9ms @ http://localhost:3000/_next/static/chunks/node_modules_next_dist_1e8vcs8._.js:776
[ 1068187ms] [LOG] [Fast Refresh] done in 9ms @ http://localhost:3000/_next/static/chunks/node_modules_next_dist_1e8vcs8._.js:776
[ 1068247ms] [LOG] [Fast Refresh] done in 9ms @ http://localhost:3000/_next/static/chunks/node_modules_next_dist_1e8vcs8._.js:776
[ 1068310ms] [LOG] [Fast Refresh] done in 9ms @ http://localhost:3000/_next/static/chunks/node_modules_next_dist_1e8vcs8._.js:776
[ 1068372ms] [LOG] [Fast Refresh] done in 9ms @ http://localhost:3000/_next/static/chunks/node_modules_next_dist_1e8vcs8._.js:776
[ 1068436ms] [LOG] [Fast Refresh] done in 9ms @ http://localhost:3000/_next/static/chunks/node_modules_next_dist_1e8vcs8._.js:776
[ 1068500ms] [LOG] [Fast Refresh] done in 9ms @ http://localhost:3000/_next/static/chunks/node_modules_next_dist_1e8vcs8._.js:776
[ 1068563ms] [LOG] [Fast Refresh] done in 9ms @ http://localhost:3000/_next/static/chunks/node_modules_next_dist_1e8vcs8._.js:776
[ 1068627ms] [LOG] [Fast Refresh] done in 9ms @ http://localhost:3000/_next/static/chunks/node_modules_next_dist_1e8vcs8._.js:776
[ 1068691ms] [LOG] [Fast Refresh] done in 9ms @ http://localhost:3000/_next/static/chunks/node_modules_next_dist_1e8vcs8._.js:776
[ 1068752ms] [LOG] [Fast Refresh] done in 9ms @ http://localhost:3000/_next/static/chunks/node_modules_next_dist_1e8vcs8._.js:776
[ 1068815ms] [LOG] [Fast Refresh] done in 9ms @ http://localhost:3000/_next/static/chunks/node_modules_next_dist_1e8vcs8._.js:776
[ 1068878ms] [LOG] [Fast Refresh] done in 9ms @ http://localhost:3000/_next/static/chunks/node_modules_next_dist_1e8vcs8._.js:776
[ 1068942ms] [LOG] [Fast Refresh] done in 9ms @ http://localhost:3000/_next/static/chunks/node_modules_next_dist_1e8vcs8._.js:776
[ 1069005ms] [LOG] [Fast Refresh] done in 9ms @ http://localhost:3000/_next/static/chunks/node_modules_next_dist_1e8vcs8._.js:776
[ 1069067ms] [LOG] [Fast Refresh] done in 9ms @ http://localhost:3000/_next/static/chunks/node_modules_next_dist_1e8vcs8._.js:776
[ 1069130ms] [LOG] [Fast Refresh] done in 9ms @ http://localhost:3000/_next/static/chunks/node_modules_next_dist_1e8vcs8._.js:776
[ 1069194ms] [LOG] [Fast Refresh] done in 9ms @ http://localhost:3000/_next/static/chunks/node_modules_next_dist_1e8vcs8._.js:776
[ 1069256ms] [LOG] [Fast Refresh] done in 9ms @ http://localhost:3000/_next/static/chunks/node_modules_next_dist_1e8vcs8._.js:776
[ 1069319ms] [LOG] [Fast Refresh] done in 9ms @ http://localhost:3000/_next/static/chunks/node_modules_next_dist_1e8vcs8._.js:776
[ 1069382ms] [LOG] [Fast Refresh] done in 9ms @ http://localhost:3000/_next/static/chunks/node_modules_next_dist_1e8vcs8._.js:776
[ 1069444ms] [LOG] [Fast Refresh] done in 9ms @ http://localhost:3000/_next/static/chunks/node_modules_next_dist_1e8vcs8._.js:776
[ 1069507ms] [LOG] [Fast Refresh] done in 9ms @ http://localhost:3000/_next/static/chunks/node_modules_next_dist_1e8vcs8._.js:776
[ 1069567ms] [LOG] [Fast Refresh] done in 9ms @ http://localhost:3000/_next/static/chunks/node_modules_next_dist_1e8vcs8._.js:776
[ 1069631ms] [LOG] [Fast Refresh] done in 9ms @ http://localhost:3000/_next/static/chunks/node_modules_next_dist_1e8vcs8._.js:776
[ 1069694ms] [LOG] [Fast Refresh] done in 9ms @ http://localhost:3000/_next/static/chunks/node_modules_next_dist_1e8vcs8._.js:776
[ 1069758ms] [LOG] [Fast Refresh] done in 9ms @ http://localhost:3000/_next/static/chunks/node_modules_next_dist_1e8vcs8._.js:776
[ 1069822ms] [LOG] [Fast Refresh] done in 9ms @ http://localhost:3000/_next/static/chunks/node_modules_next_dist_1e8vcs8._.js:776
[ 1069882ms] [LOG] [Fast Refresh] done in 9ms @ http://localhost:3000/_next/static/chunks/node_modules_next_dist_1e8vcs8._.js:776
[ 1069944ms] [LOG] [Fast Refresh] done in 9ms @ http://localhost:3000/_next/static/chunks/node_modules_next_dist_1e8vcs8._.js:776
[ 1070004ms] [LOG] [Fast Refresh] done in 9ms @ http://localhost:3000/_next/static/chunks/node_modules_next_dist_1e8vcs8._.js:776
[ 1070067ms] [LOG] [Fast Refresh] done in 9ms @ http://localhost:3000/_next/static/chunks/node_modules_next_dist_1e8vcs8._.js:776
[ 1070130ms] [LOG] [Fast Refresh] done in 9ms @ http://localhost:3000/_next/static/chunks/node_modules_next_dist_1e8vcs8._.js:776
[ 1070193ms] [LOG] [Fast Refresh] done in 9ms @ http://localhost:3000/_next/static/chunks/node_modules_next_dist_1e8vcs8._.js:776
[ 1070256ms] [LOG] [Fast Refresh] done in 9ms @ http://localhost:3000/_next/static/chunks/node_modules_next_dist_1e8vcs8._.js:776
[ 1070318ms] [LOG] [Fast Refresh] done in 9ms @ http://localhost:3000/_next/static/chunks/node_modules_next_dist_1e8vcs8._.js:776
[ 1070381ms] [LOG] [Fast Refresh] done in 9ms @ http://localhost:3000/_next/static/chunks/node_modules_next_dist_1e8vcs8._.js:776
[ 1070445ms] [LOG] [Fast Refresh] done in 9ms @ http://localhost:3000/_next/static/chunks/node_modules_next_dist_1e8vcs8._.js:776
[ 1070507ms] [LOG] [Fast Refresh] done in 9ms @ http://localhost:3000/_next/static/chunks/node_modules_next_dist_1e8vcs8._.js:776
[ 1070570ms] [LOG] [Fast Refresh] done in 9ms @ http://localhost:3000/_next/static/chunks/node_modules_next_dist_1e8vcs8._.js:776
[ 1070632ms] [LOG] [Fast Refresh] done in 9ms @ http://localhost:3000/_next/static/chunks/node_modules_next_dist_1e8vcs8._.js:776
[ 1070694ms] [LOG] [Fast Refresh] done in 9ms @ http://localhost:3000/_next/static/chunks/node_modules_next_dist_1e8vcs8._.js:776
[ 1070756ms] [LOG] [Fast Refresh] done in 9ms @ http://localhost:3000/_next/static/chunks/node_modules_next_dist_1e8vcs8._.js:776
[ 1070818ms] [LOG] [Fast Refresh] done in 9ms @ http://localhost:3000/_next/static/chunks/node_modules_next_dist_1e8vcs8._.js:776
[ 1070880ms] [LOG] [Fast Refresh] done in 9ms @ http://localhost:3000/_next/static/chunks/node_modules_next_dist_1e8vcs8._.js:776
[ 1070941ms] [LOG] [Fast Refresh] done in 9ms @ http://localhost:3000/_next/static/chunks/node_modules_next_dist_1e8vcs8._.js:776
[ 1071003ms] [LOG] [Fast Refresh] done in 9ms @ http://localhost:3000/_next/static/chunks/node_modules_next_dist_1e8vcs8._.js:776
[ 1071067ms] [LOG] [Fast Refresh] done in 9ms @ http://localhost:3000/_next/static/chunks/node_modules_next_dist_1e8vcs8._.js:776
[ 1071130ms] [LOG] [Fast Refresh] done in 9ms @ http://localhost:3000/_next/static/chunks/node_modules_next_dist_1e8vcs8._.js:776
[ 1071191ms] [LOG] [Fast Refresh] done in 9ms @ http://localhost:3000/_next/static/chunks/node_modules_next_dist_1e8vcs8._.js:776
[ 1071255ms] [LOG] [Fast Refresh] done in 9ms @ http://localhost:3000/_next/static/chunks/node_modules_next_dist_1e8vcs8._.js:776
[ 1071319ms] [LOG] [Fast Refresh] done in 9ms @ http://localhost:3000/_next/static/chunks/node_modules_next_dist_1e8vcs8._.js:776
[ 1071381ms] [LOG] [Fast Refresh] done in 9ms @ http://localhost:3000/_next/static/chunks/node_modules_next_dist_1e8vcs8._.js:776
[ 1071444ms] [LOG] [Fast Refresh] done in 9ms @ http://localhost:3000/_next/static/chunks/node_modules_next_dist_1e8vcs8._.js:776
[ 1071506ms] [LOG] [Fast Refresh] done in 9ms @ http://localhost:3000/_next/static/chunks/node_modules_next_dist_1e8vcs8._.js:776
[ 1071570ms] [LOG] [Fast Refresh] done in 9ms @ http://localhost:3000/_next/static/chunks/node_modules_next_dist_1e8vcs8._.js:776
[ 1071632ms] [LOG] [Fast Refresh] done in 9ms @ http://localhost:3000/_next/static/chunks/node_modules_next_dist_1e8vcs8._.js:776
[ 1071694ms] [LOG] [Fast Refresh] done in 9ms @ http://localhost:3000/_next/static/chunks/node_modules_next_dist_1e8vcs8._.js:776
[ 1071758ms] [LOG] [Fast Refresh] done in 9ms @ http://localhost:3000/_next/static/chunks/node_modules_next_dist_1e8vcs8._.js:776
[ 1071822ms] [LOG] [Fast Refresh] done in 9ms @ http://localhost:3000/_next/static/chunks/node_modules_next_dist_1e8vcs8._.js:776
[ 1071884ms] [LOG] [Fast Refresh] done in 9ms @ http://localhost:3000/_next/static/chunks/node_modules_next_dist_1e8vcs8._.js:776
[ 1071947ms] [LOG] [Fast Refresh] done in 9ms @ http://localhost:3000/_next/static/chunks/node_modules_next_dist_1e8vcs8._.js:776
[ 1072010ms] [LOG] [Fast Refresh] done in 9ms @ http://localhost:3000/_next/static/chunks/node_modules_next_dist_1e8vcs8._.js:776
[ 1072071ms] [LOG] [Fast Refresh] done in 9ms @ http://localhost:3000/_next/static/chunks/node_modules_next_dist_1e8vcs8._.js:776
[ 1072134ms] [LOG] [Fast Refresh] done in 9ms @ http://localhost:3000/_next/static/chunks/node_modules_next_dist_1e8vcs8._.js:776
[ 1072196ms] [LOG] [Fast Refresh] done in 9ms @ http://localhost:3000/_next/static/chunks/node_modules_next_dist_1e8vcs8._.js:776
[ 1072258ms] [LOG] [Fast Refresh] done in 9ms @ http://localhost:3000/_next/static/chunks/node_modules_next_dist_1e8vcs8._.js:776
